6ba9d304
61f579ed
69d64c7b
fe006163
ffb50cf6
624f1925
af64f26b
c4ec7fe2
3f0d2a9f
41e536bf
9752a930
05820ebf
34f67797
30fd168e
a1073441
49232a64
315a13af
9a1664ce
93738286
82539a97
e194d7da
ef19ede9
33746e43
747b354c
416416ff
07e7b05a
62508ac7
a3453460
32b3178c
1f66aa0f
782e65a1
839d7bef
11410136
c5557e24
d404eca3
548403ff
dd679521
80a50f96
ddde82e7
d8bff3a2
648f05d4
8ff12f87
f8c63a88
d0ab2b55
fd62eb6d
5da40571
f10422aa
a0184f7d
551dc3e3
0db7af07
f1457abb
fddd14aa
6f7d16a7
88d6716f
6da1a4dd
e046b488
3384672e
29756eb8
61524587
b0259e27
a12462ad
6efb8995
219cab89
0ecca71b
bd8343a9
c54117b9
43e6635f
a8ee502c
a2b03bd4
816a4aa0
d53b6948
e52068d8
06d8ee93
ab47ed91
87460b18
423289df
19446cba
fc113a84
8b585f9f
8ca1c378
11d9247a
c793ee4b
b8c64670
f5505daf
028de720
34bec87e
7f1b03f8
ee86fde8
30fb5659
d868699e
ec173794
54737918
48898a55
7edd0318
cc5e09c9
9082f153
cae747c4
437cce0f
a2f8d379
a685ad20
251f0ac6
734a345f
2df82f90
a0dac37f
53163fa9
5f9dd86e
389ca530
7ef48ec7
42f842e7
90816277
38116ed5
1360cbe0
60e2b090
2910b7ad
f7ac3853
46152ef2
d47ae204
09f30db7
9777b6f5
56b3bbd8
af62adf0
ef9a0e05
c938d126
c2112f6d
1c8af351
eb32f461
0838e596
8a98eb13
f6da38f7
69c6fd91
552197f3
ce052fcd
4e1ec6d6
5a332505
08a2c8bf
edad2b34
1155f16d
d8975fa3
632f2249
4bcc12c1
1d9e4ed8
cd4a9efe
36569ada
6c6fbae3
7a990059
b6a66f1d
8eded708
d7103e13
a789d769
bd9a386e
781c2bd8
2415ff61
d4c28b5a
9217bc09
873c048c
bcbc44e2
67a57282
4a6bacad
437729ea
d31d4aa0
a9addb5e
3f25e2f8
adebaa80
36bce7dd
35e2a673
d1ce5a5e
2e052e69
8815245a
e5ae5ff8
cc1e92da
293a18a4
72c1e749
65398b3f
d4e3e7ef
52e2c92a
7a9cc443
a3bee0b8
8fe4e58d
8a74522b
c2ded42c
126e3b30
3bec8e4f
f17e360a
13f15a7b
8b56d8cb
02589796
4aa6eeab
7712948f
c7e52c1e
4abf3b89
a801db33
133629db
71f142d6
c74f53d4
3ca15a88
46ff552a
7a609099
4c2c8604
fa255b2d
a0f91e22
825b350a
1a71fedb
1571bb0c
72fe872c
6674e4a7
e3de358c
6c768251
147b6725
732f91e7
7814b680
c5414b54
bc4fe229
a604d706
770ddf5b
d63953ea
432f3336
6de5583c
70f6c11b
9dc3117b
05545e17
749630f2
0ac6fd7c
0a186a29
64eb18f3
9bba16ff
2906e47b
00ee81d5
a2706c35
22bc4522
8873c74d
a2eaf93c
1ad9a2bc
fd62e8d6
04e1838d
666dd338
f3baa0b3
7c49a6bd
6fa33743
736f737c
ce39bfb1
6ce6e517
efb47568
d3333c1b
23568687
62cdac72
58f6f698
97450a41
c76b1fc5
816e1f48
bdcbb866
20264691
b464a4f0
7200a95e
c15651dd
36d4ab2b
481af747
8c616304
384b8a7b
491f13e3
0451ebaf
c5ce64c6
db83e875
0171705e
5fb362f6
f5087fee
2273f824
e4add3f4
2a540019
c6ed9421
f12086e5
59bf9be3
af28ad1a
84661833
129f5d89
4f8e7c75
6c7b1131
bb07e4c1
b2b3cdc2
347ffe38
221b78d0
893b2f18
c577eeef
72912ce0
011fb033
39dc4435
fac41fe0
098ddf85
a76cb0c4
6ff2f16e
71745fa3
1041a4d3
79be1c51
420b9616
83c9ee92
44852e79
64f2a56f
4fe90568
d918b87c
c710dec8
d53d884e
d47cfa92
a5b6be2a
1498a6f6
ddd8eb69
665ed194
8dd371b5
cb5f32c3
8be68a1d
3b5fbfc1
d6220cac
cb6200c4
b3d66dad
b5f5c16a
d7a200cd
dba85387
3948f1c9
f80c2674
541e7013
56a79fb7
fa23cd16
b43dadc5
df6649f3
006ae1f5
6ec18593
ac1ceccd
48e9b452
2badbe7b
fbfe86ee
f93b27f4
f02d971e
b8e7bfd6
e9278df2
6a748572
b45c9630
b95f0451
0ed3ed7d
b546c904
c697aa68
cffbd5a9
06d5d4db
326d1398
5a29f41f
98cf7e15
7c7fcfc3
17d1d75e
b8b1e056
06c16d6a
2d08cf04
ac712f26
81f836e1
9817fba6
2bfdcf03
6c047407
ca83ffba
f8d0be3b
b5a158f9
694d283a
b33f45dd
ae7e54bd
53bf924a
d565f63c
7d10890c
83bcacd4
c47c9c86
721eedc5
f5f5dbcd
fd64f23b
c06f1e2a
6413084c
3a078d02
d7bf1086
703bf0ad
9c77db88
5f743120
2aec0f11
44d9bf67
eed662ce
975a5b0e
bff1c301
391af025
49f4b7d9
f69bfd2e
6885981e
0f9ce03a
2f36151d
6cc94f5c
7faff447
e1067f56
fd2e224e
803a8cb1
f87432e8
0d459a52
f5878d22
324ece2c
2ba83b3b
b28d3639
e33e3a51
babbedcf
d1b3e1c2
51da027a
cf222e12
b7edc7b2
b99224d1
7485e26d
35e31724
e3b93e13
7cfb2d2d
ba26ca4d
f46d190d
ab40443b
bbacb2f8
66140ab6
788878c6
f6570a69
8647a7cd
e01e94b5
679b2359
6f29e426
0c846f75
28461b0e
c56f1eff
ad2982c5
85162abc
fe749e47
b9e561b7
5879bf16
b1c56933
30217eda
7c1b5a9e
81e4dd47
42780574
f51da273
78c90b34
c6b223ca
a6c28a29
17ffb84e
8cbdeea5
9aee134c
b7269d55
574b7c38
4a9801e0
f031687b
6b9a6d0c
ef7970a8
08329c12
e1da74d0
bd708add
2f944e53
3f1da7e9
a087bc90
8ef71f2e
c97b17d4
0a36939f
80359701
8b7c88a6
b6d16345
e0948e9c
914d6694
279b6600
23f37fe5
f7edceeb
067d8064
61debdf2
317f8350
31541124
759adc3d
dd27339e
147a3d6b
384be167
09e0cedb
13115881
9d7e23c2
4487fcec
23c856b4
bdf72f5d
de0011c3
b290e970
ce806c7a
339029da
2b2edcd0
e607823d
ed2b37e4
b77a9d22
83356226
e23d9cc0
0eb4a93a
c9f545d2
d3df916b
a5e69005
345aec5b
b1699148
0acdc61d
aa8394bd
1917a004
130f9dcc
c02097a5
319d4b7a
11e1e0df
c9e6c130
4267c18b
a9e0a81b
462c4a76
e94132e1
18690d63
5ab26097
0405dfbd
042ca52f
a1c4917c
e7897451
96e29c00
3e4eea81
8b060e03
8b7323d2
7ec4cc8d
5340f95a
e04fa589
aa3e9e09
9be42dcc
da0e0dac
1335ca19
d0088891
ac2773b9
e5d53074
8ae6c113
a9e8b9f4
2ed56d8d
4946fd73
a2b33158
600b7fbe
9d1c3bce
eada8267
2e08b389
d8eaf1e5
64f9bbc1
ecc1fcd1
be0fe1f2
07275072
16a90934
f9b891dc
705887e9
e3374184
8c7c082b
54e93349
5a90890c
79816c1e
63e2ee88
768591b1
c5b1092b
dfa8fe18
8eea4744
fccf56a9
8b67c9a5
60406637
4c87fe54
8dbce35d
0b74e00f
d57dedfc
cc3a36ba
2988a252
1bf6fcd0
b808d41c
1e3d3893
ca807bba
95955f5e
a9d5d25f
8d33e2e8
2b7321e0
4008b5fc
fc82937f
c8fc7ada
464c18f4
46b2b9b8
5b2e73c1
60eddada
7a09333a
5b606186
e9871ec3
77ce3975
ea3714d7
413761b2
0a876cb4
378eb2c9
29124385
688a7585
a2e32b08
be89111c
71f9d728
bd006dab
80a83a8e
b31b6a6d
b9e6af3a
9a2b9bc7
d30a869b
07bb0718
adb5095b
4596b5e2
146d0a6f
9e7f04cf
ae538d38
20d82b4c
d156f1a5
d67bdda1
16b433bf
485c8519
70b1dccc
e555653e
edfa85d8
abbb5490
7924adff
e8f416b9
e9efaef5
d5c2679a
a0a7c6c3
9ffa8b16
085824e0
05e690c0
8e0711ec
8ae0b097
7ff833db
35dc37ff
258d4bc1
d09a1500
bda2db52
17643b30
384356a3
87593ecc
f9dd8efc
6bf59ced
72c285d6
10651c50
1338c9af
8d056e10
9a80eb34
1eecaf8e
95d3ba8a
94c19820
2286ef75
e22b1e43
caee0b48
284005a3
ece87dfa
9d26a8c3
89493f92
02b58e42
d6422c5d
5de97dbf
98675075
e01ce48a
b29119e6
36ccf349
ef1e6e9b
61963a0a
e08e2141
d7f71d1d
03c541d0
266d1883
c2fe311a
6386171e
ef0e112f
f9d67c8d
fae825c3
cce4c228
d02b532e
1a24741b
5a9394db
0307750a
fd5803f6
a565b7e0
703a9088
4558b0b2
12ff59cf
03032ac0
ac4ad756
97262d39
ecd882ff
a04c6fce
25daef8e
f75bc332
3fe415ab
fede68df
3e3aa368
8a6a5443
06a579be
70388ed9
5164f667
28f9f905
cc8bb4ca
52a1b6b3
d7f76d51
f273e2bd
4b79be29
15b2b797
7d94f966
027ed852
eff63ea1
ff1236ad
19867433
013160a7
10edd0a9
3c464bbf
fba5ef07
972bee09
e0cb31a1
67ce6af8
9ed34774
49928d50
586e873e
54902fed
7da49df1
9e216408
1c758c09
698aeddc
3c1c2c04
6e6aa3a2
7dd2682d
3c8c38d3
ffcbd552
554ce515
373a75e5
07e6db41
8b1ce6d3
1d3cee82
9ab51583
a38509e6
6b7ad424
a786ee24
8b184eba
a2c35c7e
be823e2f
bc14ee8a
16ef3393
a8b8448b
3c07eb41
532a97b9
57d74fec
ef7c83d0
10850b9f
294c0bb3
eb2b6c5a
67240b67
2b7ecd16
2b5b144a
d035baca
bdd3c5f3
29333dc7
8d0859fe
6ff03e80
46f810c5
45d7e3dd
d772d197
37c437f7
53288665
e6c96464
de7d9e02
a838c7b9
9983c7ca
9cadc694
855d340b
f23f0e81
51dce7b3
66556b3a
18383fc9
de4575bf
87dd7ca2
2d31ce80
71ffefd0
60c67a98
76e55f76
d157aa50
47aa3e8f
57c5e0fc
efd226f3
b7739dd5
241b7f25
6b1a5dcf
cf2ea9b1
6f8c3a44
6d009ad8
891dc64d
277fdf96
b6fd51d4
daa94a46
ea6b2f77
6df940b1
4b571b3a
d77d2e9f
e3e481e8
31444f4a
98bad2a7
3e037645
41da9635
8bff66b3
da331a24
821f847c
50d2c59d
77132fb0
b8f2235f
dae0bf25
f809ff1e
a944aedc
8ce112dd
931cee97
8f4b3b0c
d690ec3d
e4826e94
97b4a6d1
5ef0c1f0
6e232db1
362dd993
da25711a
7c3559a6
9b50de10
5e927ded
fb66ce81
b6a2ad3d
cdb947ed
8bc6196a
fd36787d
43553b3f
731fae3f
41af0dac
e270b579
c0623314
6cdf2b57
f070514e
ce027494
92602021
3fea097b
cacfce46
6155b7a1
bc88605f
d39b7d72
e1de742f
20dfe6cf
0525bb48
93667b28
4582c3d7
df83c158
fb71bb58
849b7d2b
73080dbf
0c388d55
331c70ca
0b129e96
c3f253c9
20fb7963
022940ad
36a65b00
cbeb4ae0
eb8ab60c
d36d2fc1
765dc95c
ea3eab43
8ee81604
13ccb378
c82ea392
45bb7500
77fbb236
033ceef2
0234bd4e
b3b0e5fa
8e5dbbee
64734fa9
bb5e4960
c8839245
8c81950c
d8d9675c
9934457e
f4d19798
755d6c2c
17a8e29c
c89c5e25
f5ec63ae
b3ff019a
ade5a3a6
dfe49257
105c9d46
d1b31090
3f95b9d1
e5685adb
bdef2193
1b4ba039
1a8128c7
955df5b8
6df50dc7
434ae4fb
5d45eab3
e4a942f6
177409b4
21dcc039
e8a53a9e
f24c4a39
4050dd6c
8866ea10
2595e59b
d679d8dd
af54ed34
2469d479
195721da
445d7684
6c0dc391
e9802fd2
f50a8485
00f277df
26941a88
c4f3105a
c4cd05a4
9f928961
791e91b9
6d320c46
74224adc
e0422611
1a060cbd
c9391022
5f1c5820
b06cdb41
d0891baf
7054d0cd
c9869d0f
c579a9a1
16e84c4b
a8d1109b
f7c75795
6485dda7
36ca1c84
636c5e5e
370a13c6
c079971f
6064f56b
16c64072
42afc9b0
25bc0993
d40b0c54
63563b8d
3c27cc63
c2a3b982
939577e4
07f474b1
c57dde5c
faf82eb3
9ad42e13
d9ab4266
450dc10a
1556282e
9732722b
9e9a0c21
041d7864
a22a83c0
042e7bb9
76c4b743
90ec31b0
c748d3f5
070c88a3
71094ba5
9cdd53e8
747aaef1
437b88ab
2fc10857
00bb7c5a
45c9d10c
650ddb88
6f17da65
d3870ae9
825222bc
f7a5b794
0b0f8eb9
3c5d3c5b
46ba3f5e
a83d48a6
6cded263
97785038
231e9682
8c580ee5
bc9a91a9
a6292875
4e5c3367
6ebfa41d
a29213f3
e1615bc3
1d945c24
b8dfe907
34a6c390
163c871c
531d1af8
a11a49c2
f07ad4da
2ab5ef80
8e6d4681
51b4376a
3be48451
d19b3a31
64cbaa85
5d97ed75
0960bdfc
b210423d
21d48c32
cee4fda8
bdbe88e7
b1005d9b
396f1345
d0889afd
62122a69
1e1706d1
c4b9e7ec
494e3b38
96788306
d57a63b0
2350e35b
f71b7c78
50e01361
099f2104
4cc84a5c
f3540cdd
13010eb3
afae1ae2
cbee7129
08afbda9
77ba625b
0e56c90d
e2317324
71dc3b0c
f60e9e5e
fae4490e
1f4ac5a8
9abaa27f
de3892cb
66c0d4a0
45cd508f
03e0ce69
fda2f411
6f7f7aa2
338ccaaa
d3e755e5
e1151164
62db673c
ba40c929
00c2c113
ec843e21
dfe1b424
ad15fa5a
ae8289f4
2e9f224c
5191a766
c03da3a0
646c71d0
eb90382d
ea4676e3
95e22070
4c8a80b5
793ef6c6
bcee2820
9da50696
db52d858
02077090
5b8d0d62
44ef95a5
d8d716dd
1108a4c7
81bb2904
47e3a64a
7215cd89
d0aa9b97
458f6986
58725a5e
504191a4
9548fdce
272a154a
fbd2d160
f12e8080
dea877f6
60756053
01887856
926bedea
99e2a760
1450f7f0
a599b35e
49d02952
4a369fce
929a0ce7
f13f468e
17e36253
610eb95b
e1d8539d
c736b2bf
65e12079
69091e40
0117db3a
7d297253
c97352ec
d8ab9771
a5f5dc0a
add19cfe
9257a451
4ca170a1
1a01118a
12d28bdd
274f2367
a2df02ae
0a566268
cea6304f
e9fc835c
231d752d
627e77e8
cdb1ccf0
06fa1444
b57bbf09
c9233818
4889e884
f76f9192
8f5b5e72
3991dbc3
798a06a5
ed2daf7a
dc0b5298
6d005a84
925cd3ea
df0f34b8
30f4811d
6028b14c
6d0009d2
49c0ab82
27076a43
818f9651
11e1f046
9567778f
d9ab3bdc
6281e4d8
b5f89689
d2840c13
d3e41360
82599c85
323e2b89
c7335cac
27cfa646
88946446
a10238e0
97c73b09
287ad33a
b3078bce
6c9758ce
54bd567e
92cebf33
666b4eb6
f485543b
6168c906
28f2b86f
c6af42f9
214fef24
673215e6
49567831
5abca8f0
b7598221
c05f2a8c
9c96c197
9a63dcdb
894169be
a111c869
f07bbdba
b76d3b32
acce0e8d
042913b3
dadf1be6
53c7f4b5
7a9dd30d
4128b816
93a21a5c
f7711d52
a85fd688
be46b02f
9d8b0b49
d4764a0c
391a92f3
2394fcff
2ca416ec
c06a7b7f
ee90d436
dd15f7df
25c04781
e8fbbfdc
becd4456
8952bb48
33eb5c40
88c7d9e6
bef65d37
e1fcc20e
7f47b54d
c5bc5541
8aef7281
7ae5d88a
f44d8cf0
311c33da
798108a2
30be87ca
847654e9
08c5fd8a
80804091
6078461c
1132c46b
c49401b8
33a3d6f5
d2fc4fe2
a72fc950
812b39ab
615caf60
fe489c32
c37ff1d0
7463cdc0
a35b21e0
d08cbf22
fcae7675
0250e54b
e29fa557
f59bb2c6
0741c053
f3801708
7c4b9408
a766dbd5
621da01a
90635aa1
4772c8e9
4d1274c5
9f8a515c
e86ba5ca
97f8c7a1
c2bb3f96
df8f7f4a
43bdafed
85086432
d7128089
af4a6b76
d1974e53
4d073aca
7dcda1ef
24b0a5ad
d5f3b70c
1f9faedc
44d10cfb
cfc421c7
b063d7df
ab7a248b
809ee508
21d5e382
a15f0ecc
403c0c29
817159da
f16aa90a
bf076ec4
acd14b17
27dcc506
a4e8e44f
e1c7aea5
f8b9cda2
a33fd4ef
465de8b1
dd1c9ccd
36755812
9d29a001
8a081f04
7364ed51
6e667103
467fcd01
a3473e45
a0edb7ba
6d90bbe3
cac7e5fc
8af68905
8c7338cd
d21a8677
603473e9
f1be6f71
fc7738fb
6e9d12d7
feb5a61c
b4ff2027
56ff3088
f1953133
faafd829
a0d4c9aa
81508ec7
b3509e90
5b700757
cb816b7d
3cfe81a1
e4dc4062
e64a63ea
df52a81a
616d3b3e
c959c934
f6633f37
d067d950
f2eb68c4
4651f1e8
0ee5dce3
465c78b6
5809a47e
b8b4f4ec
6631c99e
d7498b5c
62517e6b
b720ad3a
5ce237d6
b1b3034e
7a3a6d87
33daf0eb
be24ec7f
4fc5cff8
21bd746e
c0e21650
580e5846
8cec1382
d9e729b4
2a7b8364
0e60c50a
491e120c
5489876d
294ed6ef
d4794e79
39546177
a09d4951
1a2e428c
cbd53687
2e338273
1a5a224b
03925f71
8acba619
93ae512f
6ac60c4c
86ba8f19
465297e7
eba6fbee
bf84590c
06842d39
8c0350b8
435ef334
426ac6e4
f21156ec
235b060d
d13c70ef
b7215f4d
60975e02
fb5e1545
28f1fbca
dcba9342
a15f2edd
4081a1c2
7daed9d2
6c6c8aaa
648fdc21
09ad982c
9507eb0f
e60daf14
b4bbfe69
2fe80a79
d48b1f8b
4dc75c1e
cac2996b
a4ea0b8c
46d86b61
e2d9e76a
7cc3e781
ed581131
cfec8c32
c50db932
492bf191
d44712f3
eb53f0a0
33bfe167
7b294279
0aff1a02
3894884c
abbdbc43
a881efc8
b0015d43
38b76272
2e6f166c
416b581a
78e2b418
901e1bfb
695eecbf
f5d5baa4
ac3e6811
89c32cfb
706e3832
e78668ce
1b13e805
cb67910b
8078bb38
75a97456
58bef426
49c812b7
ecbcb6d4
b28ca606
bfff613c
c1def392
488a5453
4e7838da
47abd07b
545688e9
35d9c38e
31296209
f0d42ef7
43d1d493
eb09808d
fbcf0e1a
3bd1a0bf
04d27d89
6878f7db
7f4039e7
a31b1afb
06dc1f31
282d1b7c
0f2867bb
b42181d5
139764d3
e3595383
88ca78ac
f94f6ade
ed2e8355
6b46122e
970498fe
93b132f6
01fef183
ed10c960
b65bedc0
c9f8c1aa
db28b39b
5c98d8af
10def17b
0e0f0eb4
c45063df
a6f0c8a0
5f8b987e
adfbdf37
0892fed6
d88e49cf
712bdf03
895858c3
4eac07fd
0aa7f462
7a0cde6d
c9eed575
03496634
44c65b6c
a0b1c716
8c12124b
ebed7564
1e86885a
3f34bf7a
ff71f21b
30992bdc
9bbf8c3a
751717e6
1f8ac705
d35abbcb
0505008b
f50be627
dcf1f374
c684eb1a
309c107c
e65a7b22
3a0b364e
69dc4a3a
6bed9e38
e7d52932
7f1046c9
2aa0ce48
b7ddc7f7
0d3bd382
6a0d32bb
88e6a7d1
efbd229b
6ed866ca
77504340
68efd2fc
b390e341
1cc12f8e
f32166d8
d74fa7a5
953080e6
4a93a916
a0e36bcd
b4a8e074
f0e404cc
30c7d387
98ddc8b3
f4789b84
fc2f0d32
d36690e2
d7004e96
977befde
b5c21e75
d7ac3d69
042bfa22
40d66f2e
8f3fb984
557b4c61
543bcd7e
fff8002a
fd247e1d
1a641b56
93917fd2
f3a68300
e56a1aa9
ef58aefa
d5be2d60
7f17c811
0a319bda
ccc388cd
9a5c0816
69c4e859
4a7c8ade
c05270cc
0386eb7c
e74dcd16
596ebca0
d7868c56
60e7fe7c
a634ba02
f7b73b85
32331ae0
72295c5b
c482dbbc
75e2e6c7
acd89954
e60810ff
bd81aa27
cd885f0f
abda6529
31631c23
5bc05668
f177bc49
ba37abf9
9f4d351d
efed5db3
e22866b2
476e1f80
09cd39b8
9ba710e3
8e8ddf2c
4af7428c
23725b43
48c818a5
194b183f
df2a7ee6
a8a11027
a459d0d1
6d52a1ea
80ef28d5
3a009246
de65037e
acdc6020
a3f92e1e
a94a9179
4ec002c2
9081e9c9
1be3325b
9b44eb81
44e1ce7d
8739a712
446a6c27
66afdeae
45e2716c
289df56e
e08180e0
9e22402a
f1395370
a7f2c6f4
a14c6b2b
1a0ba3ff
4fa4561b
df1ae5e7
b6bae227
58e55452
c470d7a7
3c6d9def
37a2525d
86d47441
038edfcf
e61c3bf8
b5bb4123
b1416ae9
b061b2c7
faa377d9
1732906a
2476155d
3440460c
59b71e7d
c911f045
72046792
92fae4dd
eefd6be1
bb1a57fc
36dc0832
9f192062
584a53f2
7be28c16
e645a747
551588dc
4a3262bd
91b85666
df77c0ba
786e631c
31f390db
3ed45730
f6d888e7
51f9b1cd
7cf9ac79
26d5b03e
ea6e98f9
f6530e70
f5afbc12
5e539ca3
b11d9cc5
29f917d3
41f385ae
afd4937f
800ff89a
f4541018
390f823a
4355823c
8eb91da4
8070543a
de12e11b
2afdb5b9
04dc412b
02c47e10
d8c3d201
ca78a58c
864232e5
f47a5439
4f9e9ef9
a72b3cad
3aa73bee
948203b4
4afcf1cf
defb365f
1ed0b647
c325d003
2aa13029
7cf2e229
bdf0f675
568bfd66
7e9c59a1
a6fef7e0
f4e11ddc
fd549d73
cc600d00
a21234c9
8ad64ab3
dba914cd
d4b81427
29583079
d93bbe81
6f272c76
64357eb5
0bef989f
7963ec06
9e7e5f74
24859f50
7b935104
b6af2eae
75cbfdae
c5998929
38693916
1e80545c
5269afa6
b2116540
17ae9e01
ba69fe5c
ce44436a
76b61e16
51d5b4b0
b906786c
1fe2a71f
e50a65e9
f42095b9
ad01dc45
24b9703a
5e6e38a9
d9c259e6
f0e795f5
77d7f080
79ba6a84
34b1ba84
7ee7976a
b1c8f132
d5203e8f
ca1e79a5
3c6465d6
ea04cafb
82cdfc2d
df54b706
c34b96f2
942658d6
f10be0f0
57975e2e
0b300326
201566ff
5f0bcd10
e2feb546
bee07e21
7106ab96
e1d3db0a
b1f293d0
6876ffa5
0779ce47
41e09cda
96ed08a7
e6955dd7
2b6bf03e
c3b9af21
37d458dc
78a7258b
297487b6
9877159e
3ce85bfe
97159848
affe5d29
8824067f
c51edcb9
54b367f3
54b9d660
7d31e6e5
3a4a45cc
76aa64b4
bc6d71d7
41b47e55
339dd51d
7646169f
8f111ce2
c459e879
f6e294d4
939de428
071bdf68
53e06af8
f50c750a
48e16bca
87903512
0af76714
788b881f
30f4bc64
e94e3e0d
5a40cedf
54d5a5e4
3dcedcaa
33485384
49e5cdb6
145d354d
1079d82b
ef382f76
82f3a49f
3776748e
96c8d1b5
45cc4360
66dc17e6
5d335a10
7f027a54
a6b357d5
019139d7
1c0533ec
1732b1bd
273dafc0
4626ccf7
c4dad0c6
b7d9cafd
dfe72d7c
00b2a9e4
859a45db
b78c6b95
60a85728
5a0315e7
e7029bf6
8e60d5b2
8de2e762
83b8f8d6
38b3df9e
c8e5ce93
f1c1054a
e1d1f5c9
3c50519c
c4e218ec
bbba158c
508bcd4f
d1fb0436
9b98dfaf
e257bf49
2c0be99b
d69c779a
b7d68552
105378f8
36694686
eed88d43
7c09a1f3
2cb4ba03
42129433
3aa41d06
60b97d09
719ba142
cc738187
603276c2
85a2e89d
a9214727
494205ea
1214e1b5
b4d37e66
e7900f10
d0fbaf17
e0984afc
9f987d08
bdc30274
ad84818f
bb9c9bba
5beddbdd
b243f533
0383c6ad
bcdb81f4
ce833be5
11ca55c1
568aa0d6
5aa6772d
abde6038
17e91c95
e3f5bdc5
f601058c
013d80c3
b3d767a1
351b8b20
fa776a03
54beeac9
da8ad588
210dc18b
8f38c597
152821d6
b3769163
f82fdc39
00732853
f0cf1efc
c8b307d3
cd7c979b
e4736332
67f552a2
b000175d
d315311e
e33648ca
b0ea8a2f
3fa34785
6d6b4add
6e627b7e
27247fee
935a0d91
043b072d
fc0bdc5c
4d286ee4
053f7343
ba2860f5
cac77e31
b84af016
013ec0cd
249be8d2
3f16aba3
054b31ac
38f11181
2c940582
164d51a1
791ef215
c8d9d8d9
2c57afd7
04ddd21d
290fd38f
eb5a88b2
d11638b8
508cc598
53d150fa
b7d1bbb1
635fff2f
168d397c
f9feee30
9df1d815
76554045
0b0af1a4
1f335e4c
36b059ea
71da8509
a8e0e895
b231adcb
06a83666
9e5d2ffb
e430e450
6aedf301
8dc55866
4b0a4506
b1435b94
26c6b545
47a30155
772fe9fa
dffa771c
467ecafd
ff5c2ebc
e8a56971
26e028ef
f6926faa
e96fdb23
c09f92e1
c9fe6f0f
0f76ceac
ad3464ff
4b6788c7
42605a34
75b8d530
20454497
56e10ee6
de9ecc28
6183dc5c
bcd205fc
8ff6fb60
04fb682a
ab276c6f
f203e8cc
f296bb9d
3faa8dea
91699e89
24e32996
3c0282e2
076fe794
7fbadd85
3c07571f
dd0d73f7
f752b538
4a1d3fd5
4e624527
d391fa4a
92eebf07
bea30c23
169df8c8
b1db3802
e3dd9bee
0a48a4f4
9d95ba79
0abe0b93
e9cfa608
43c2bc72
d096d80e
aa8fab39
fae0cb10
396e61ea
7b25a7a6
cb6590ef
b003eb0a
83d67073
16f2cf44
c56ae7d8
13a3de92
3e25933b
3dfb8af5
6172a38f
f504c2b0
03e837ae
890d8b04
c0dcb28e
694addb7
0be79142
e3fdb6d4
44c94659
d25fabf0
47dc21f1
4ddb14e9
325ab6e8
d94776f3
10ae9376
6c6e9491
606f7ea6
4dabc297
13b11217
492c1b21
c22a4810
df92fe7d
a7fc8d7d
988322e3
64a65ac5
6418d7b3
15a88dac
bfedf70c
0753b7f8
0de320f8
3fc2527c
12296456
4a1af75b
68a004f1
46876ac2
75f5414b
c1087f42
c143eb28
11fd0dc4
3f99c984
4a1e3590
1cb1e725
a8712385
6a345d0b
7c928728
83e8f550
31f1b9bc
116f3d6d
5421faf7
591998f3
4885f7f4
df37e78d
60c3d410
e8fc9214
79c6648d
c9f66c54
4af35cc1
09fa53bd
60014f4b
e563e34d
4e731067
fa60b12b
108b1b14
3bdd396f
4bd4b71e
05d96ad6
a9783cfc
772848ec
c1b4d807
87b6c350
4e96ced9
0c817c2b
5ebd1343
84b4fe98
5b5b967e
500bd0fb
26199a62
c4fa4cc7
a935cae9
229b1fe6
bb16b3fa
fa7119d3
6ccfa8c6
efa89cb5
c770c6ba
8320df9d
7238d99c
502fc20b
311c725e
4648364e
0223bf39
8ae991a1
eea04acc
a4d18c5c
c500e862
ecc19ea8
b127f7d5
9226be73
03966730
2ae10564
1503f9bd
b43c8807
8174c02c
91fbb2b8
63fd00a8
ec42f65f
fef31f80
ba8c1bb2
c10b7881
db3e8d1c
337564c4
a2f53b44
8510d81c
9c43f0b1
06a31e6f
db1d86c2
7151de97
1a61f3b1
e3c66887
0329e385
f91f2412
b22904c6
c58ffab6
7fcd6914
e515bcfc
35672509
f515d4bf
4498d986
dad66a75
3d733a51
ab588022
02445778
29391396
25704405
f677be69
16983fa5
a21070b1
0e3285df
2aa3932b
1a5bc956
983b79a6
cfc0d6ba
858e0408
a42b1ba6
15a7ba94
a9e21a46
ba092305
fdffc0d1
190ec018
909278ec
530dd664
daf13e10
dffea362
5850ba59
5c917e7b
d7c216bd
fb7f21b9
6c68b654
b7c234c1
6e00be96
e8797209
5f018a58
64089ffd
14cd00fd
7c4ed51f
3e364551
8c5d2477
a5dca6d4
3430deb6
5cf5665f
e25327d9
a8133068
3df47afd
ece6b633
4f6204ea
0ae2cb7c
6da7fb48
adfa6b16
fe17228f
6b4d979e
74b7add9
81170e1f
53d6346e
3e9ea998
0f145428
f3caa555
d0bf551e
c4e9ffbd
84a6594f
d2f97e71
163e3568
9879cee5
df788981
7e3d6c29
4d43e3af
fe5d1b94
7d76eda0
634cef9c
a5c31aef
469d9cee
be7e2073
dab43e4a
2a4524a0
2fb90cf2
3b28c0c3
67fa673a
fc51ff02
15e99883
17b85803
3259391b
e1a2a125
ae52d88f
aade707f
a23304e5
de69f0c7
affb15f4
08700cf0
2286fe8c
f28032a1
0bddbf79
0132be12
04d93905
0cd01b5b
103cb737
9177dfc4
427ff194
84a32f22
9a9faa3f
4c2cf68e
90abb3a9
2e5d4cd7
776f13c2
cb271fab
0ff19ecd
0c6c18aa
e2eed515
2c0bc3e0
30b775e5
589321e8
3f831b56
2f86c139
a372a381
0e5b6b23
9f4b55d0
8d44ba5e
286574db
d22861ab
396905fd
3b6ae8f0
51e4e51b
e6290f8a
66222641
3cd9478c
7c0a5362
7a63b4af
09cf28e4
34aab30f
701eb9e3
36dd2037
cdd25618
64775f11
c72c4e2c
e53f20e1
752b3888
45be4a0e
51176e45
4afb5c0e
726ce5ed
5f16883f
0ce4bcdb
4408a59c
55761595
4857cfb1
2b1eb3cd
701e80cc
d3fb3768
0e28b48c
e453abb8
029c47b5
fc6df44c
e2324e1a
dbc0bb0f
5105cac0
b9d02220
ed4db2ca
08706a98
b7fe2df4
034f99c0
6cf5e3cf
9d165562
13e25b73
e02d5b2f
937b253d
97fa9501
b6e10fbe
0c752819
6069039a
d3d4f047
d30ee67f
3f8e6d92
e34397f5
ced6b8e0
81d7def0
4e37f964
18a26f7b
c4a1dee7
36703cfd
0dec0c96
307d37f3
5a95bcf2
1a96d8d6
b48f8887
811d78bc
bfbe3d5c
8a471c9e
93a57c78
3b6bae1f
09ae4cdf
13026e3a
ef772fff
fa63e2cf
947df2d6
91085572
c0bf8e10
bbe18902
4adf57a6
0cf830cc
28eb0a1c
ee9481a3
3724c9ff
d087bb79
8fcc6bcc
222d3b9e
cab2c0cf
521fe249
925ee5f9
3bc35c04
549c184d
20415d27
df34876f
d8a0696f
ca708aa3
f0329ff8
b7832e4f
7fcfaf58
632509c7
0b02591a
6e6e356d
7b41bf59
0ddc3caa
57b39f59
96a62c93
e0af4dec
564edea1
0fe9f03d
2ac0f865
e7a92eaf
f0f2bb79
53bcde20
331b9f11
8ce2b2f5
c17289b2
90e4dee9
7d663ae4
3932f9e5
5276d288
5cfbafbb
e7db7d3d
4746b7d4
2932d975
3333aa6b
99fca415
ae0d185e
e2c417b1
4353d565
b6f489f8
ff2759f2
d0052989
5a19dba1
6502ced9
1a148d48
479e9c79
121953a7
9a7f12a0
d5481f35
48cb9474
966dc3f0
de27ffa6
20595d9c
07e7432f
44bcfec8
6cf36e96
4d32d7b2
ab6da1db
4cece04b
e49ac07e
1df82a8c
7099490d
06576379
b9e623c5
ce38858f
4bbd7872
a3ec1838
b411abda
f90bbe3d
d0b349cd
292fd19b
cfb5378e
e215c3ce
c3faa8dd
24f124f3
e1e4c5ba
002c247b
20e72542
a5a8c3f6
68b0a879
0c631905
d989ad20
1523ef35
86789171
bb2e37d8
79ecd1b0
8a83e9bd
d9e19f1e
df7312f2
1e2318ac
a0e49105
6dad8cc8
77efd829
a570a10d
98faee50
db521e44
0076102c
470cbe97
61883565
7c69e6ad
d6a599d4
786bef43
5e0f93e7
3e83d3a0
15a0912e
9931bd82
e4474094
d646f849
50abb7e1
0dcb60d3
b924d8dc
360f37f9
78160811
289e7cf1
e19fac57
9c964518
1e6dd88d
a748f8b3
08203b96
1aeab850
c16b9109
fdb6e679
c769f798
bf4deebc
07c3324f
0da82c8d
de8cd1e7
8782300a
6fd6f2c9
c2ef0d01
174cf0d1
2d65d741
056fe23f
d25c3c0d
024773c6
6361121c
b5b909ce
125b1aa9
c8800bd0
544adfb2
88ca8562
5c3c9fa6
8e5ab255
8019533a
77811312
726d66d2
25d2081d
95718f8e
ad475c1e
80db5017
0834b14d
461a9f67
0e576beb
f780d79a
089e7c9a
a88a0328
976d30d3
9877013c
24445da4
03eec725
12117685
c0f59098
45ed7891
cc1db770
29160fda
caf94fc7
729a3f61
876230f0
a6533c62
4319913b
716c5440
e51b1128
24e67486
0b813088
357b8ab2
9180db5a
cb579dbe
3717f10e
b0d9b3ae
bfc165d3
e231f66d
b0a05876
5f65726a
962aed13
119fee25
8c275ec1
87a6fbd3
2e4ded24
a0547465
427897d0
7be579bc
55b89304
91315b94
c0a95713
b25dea26
a2f1611e
58155934
fd17c606
c13a08f2
591257c6
19db8650
7e7821c4
d04cca17
fd2a1cf6
8e1c7eaa
1e1df190
48b3bea6
2041b77c
b8811374
70ae4f03
e710107d
0c2f0fcd
089d4420
9cacd815
d92ba279
2cf21cb6
94552d55
ba0129d2
5190346e
a5c1ae91
bfddef00
e1eeaf39
f76d1151
7c9691f8
b565e7ed
96330675
e3cb2eac
ed1c6f2e
2f5ec8e2
dc875f1d
589004ed
5b6926de
a965bb31
cf70734f
11269714
d8792804
ab1fc619
92705a23
920b8f24
ec4ea822
f5ebc935
821547c2
d769111d
f82f4ca2
269f3ae5
783adbe8
dda35211
85923257
201f2904
13ee7cec
f4a4e29d
635535c2
eb0e3d00
eb3410d9
5ed26145
1f96add2
952d539d
7a7d6771
037ff9e4
072d0daa
ad22d36b
7ab9ece7
cf101d5b
ad6faf93
4977ec50
48046d4b
78427d5b
c7a144ba
1b1d2490
2cac7301
6aab7647
7d8ca196
ae16997f
c3a8dea6
e0339cfd
9a1e6380
6064896c
4c4a9315
0b940b2b
cc2d05c0
78d8d88d
2f1a8558
d499ba2f
575f6bb4
a8e9027c
675f34a3
3e071550
1daffc49
5a95c54c
cc541cfc
abdb9a3a
0631c473
c1500626
556ff1d1
0ad8e894
870b649e
bbfbaa61
908c8437
5b3daff6
1bdf2cbb
1d8fb1cd
4b3aa5c8
ed34c1f0
a813d453
0a03d473
31bb0621
f0b90373
ad6f597c
66c7edb5
8a364124
eb6c5030
cbb5d522
8c14b08a
5adb8e6b
b6f2d4e6
7b497666
eb25dfbb
2d92d87b
3be11749
9cfff479
b3fd0bad
324ac08b
42e3e60c
32fde135
52527e31
133843af
c3c3229a
69a2e3ab
3b33e2b4
f35ee6e5
275fec69
6d931a36
40086296
ff9ab46b
d82f42aa
bdc34cc7
bad2d0d4
00551872
393a0632
f2abb44d
5a8c362b
0b0121b2
acef6d7f
567b24e8
c5450bd9
2de55fbd
272754bb
a2b6ed24
d8c20fd3
b161cbe7
2c6ea7d0
fc367319
46ce6e81
848d07bb
5844af06
0f63bcc5
607c8838
f9ceece2
38fc635c
756887c3
daa1af85
2d9e2b47
4ac73456
be80428a
41326333
943a3f4f
38671ee9
68a7d734
37ae184d
d01bcaf7
98bc5e98
994e0ebf
0167199b
60b0a569
08b7dce3
d199f252
f50c9947
72e3955f
58aa268d
c2a5b49c
2b637c3f
4b745a20
728ad0f5
3ccf594e
c82b2e51
f2cde546
652cd616
2a67f39c
f9791fe9
6a963d95
3f7ff1a5
db3b0152
61263d18
f64590cd
711b0543
b4bef1f4
aff3fefa
007cc384
e2a7576a
af2cfa54
ef57299a
af0f9c40
50be7412
e1556e1d
bec7df5f
ccec6065
3321a2d1
584e142e
49883ae2
6bbeb2c7
dba72c4c
cb15fc70
af02d940
8cdf182d
651175ac
7100b157
5f6c18ae
13ff818b
c0e8bcd0
7c37df5d
a75002c2
ac50470d
3ccacfd5
1f444480
42447649
f7c51c03
44d69573
069efafb
8dde2adc
b43f4645
65bbc7a5
d21d6d41
4424d49a
04c05d6f
a9e25df3
4532d0c1
28451752
c298ca20
33b3e760
915e7f15
c6d64472
ef4ddfea
e187982f
e9d423c6
ccfe8fd7
051c9348
2f2008ce
312838be
e2ec6a70
174998d5
7bfb8d05
07efeee6
f99b976f
b1524c2c
7b484e35
69f0fa74
d36fd4cd
0d24ed95
a9441627
7f27e13d
9bebf190
2d1afcb2
16a96522
e7a458c3
76869578
5fdebb06
3a6df051
014ccf3f
4579813f
fc421e54
50d6cd44
19b01980
9ae7207a
1c67de78
e45eccd7
64b5b7c3
6e1e14e7
7c648467
7af9694b
b85460e4
cfec9ed1
dff4bae8
782fd817
cad7f497
c77d4587
504e53ea
b2cf0eb5
e60de034
f16c5afb
9e5fd4ac
a8f2c246
59c4a421
4da9b289
90ff8ad1
01a9ac62
30c74da8
8044c0dc
72b10aba
edfadd95
fb5f7452
3470759e
0583d102
e87b9d26
93187bf4
7904c955
e62dcf6b
519bda3f
82cc69d7
09f5802b
1f7a5ff5
6615eaad
a7b4565e
cac29586
423222f4
6ff78aa5
b452f7bf
65adf1a5
a3501d4c
fce3eba6
82a850f6
91021530
7eab16fe
e7cc97aa
9d7602ec
9822038a
75e1e606
bafc1e3b
56c03cc9
4bc785de
d265afb1
bafa9434
a8b26695
6f4e9691
85631599
a3934bbe
3f4cb3f0
7151e45b
b37f6cd0
68fa84e9
4ae0db21
7fbe24b3
d27e07b8
7154a84b
5c9ace75
97f421f1
b3512f33
a5c1dd55
6205cc6f
468df629
51284cf4
f08c46c6
7daf8833
f834f679
98b19316
8e8034cd
7ee90e63
6bf3330a
76875642
79794bdc
28effcbe
b564c80c
ed978a2c
c3ec647a
11bc1216
61663d3e
2c16476b
5ecc48de
b6bc36fc
50e5ef8d
ce908505
c38a1335
cff6c4e2
9a167c4d
f611b666
3a8777c3
f48e8096
d4c9c4f9
ef3e691d
967d624a
ad77c939
9af6d34b
17243089
b3cc29f3
4ca40a4b
ed81b409
daf96c99
fc2cc1fa
097633fc
370d98c4
7c59acb6
c99c1ca6
0ca40a7f
a5fe0177
f539f989
f1773afd
edc8840c
2484858d
4533bf55
1c9364ab
31063a1a
81ea3202
17a72225
a43e10c9
97679331
d4546706
66741594
0e5d3d04
1babb7a6
c0fb31c4
4685fdec
522a1e76
0c8c5b89
4dd854dc
5c7d5989
ed02a881
57f4a45a
ba73b052
2583cb15
cd1ce070
ee5d9694
338468f7
e1b33cff
ba567a34
99ab4927
6b2ca1b5
40fac7c8
aff846ad
ef6f57fa
292aa1da
ba68ed21
f0a875bc
c1acc7fe
47831d1c
cf94624d
f7761c6c
57fec2aa
af1a2a35
16b6e931
36173478
3e64ae3b
84fc12a5
b1679e24
f84285e0
ed7805be
15b9c97a
2855c669
4c006615
e545581d
810d841b
7581392c
cde3e146
e5032511
4818c64b
2687e1cb
0d85afce
d5b18f3d
00645161
1fb34eec
7ce98d03
4db9ed96
f036fa63
5117f674
3d8e2642
f5b4a520
77d554c5
2a4ce866
a7e22a69
03edc7e0
8b615e4e
627b9f5e
94b5c259
4d12705b
65673177
f0844be9
c953e395
de3880ba
5f3d25b8
6bf961b5
bc5d2320
a24907f8
407ee588
5dc996dd
8c2f11bb
d2bffebd
6c7adac9
32e186f4
3d401533
c0ab55a2
1120152f
72799c00
441db92b
bc0a9a2a
9b799bdb
89fae6f9
2db50842
f7ff86aa
0026b3d1
ffdafcd5
0e1e1faf
0671d16d
76436a4c
13a51682
2712f2c6
9c49b086
8f512a04
136956cd
6babff1d
a2c22866
c5caa73f
51c3c03a
0023f0df
c0044285
32c839fd
fbc05317
3de02b1f
e59b83f2
43f3ff1a
3f19b451
de2a0d46
fafc74f5
eeb4df77
15f6e78b
f23f4a0a
8cd39c64
733535ef
2919885f
cec47e85
158fc617
d9bc1e86
dcb8e2aa
310eaa08
1e28e961
72462962
dc24a221
4d33d4d7
1bdd1c3a
93608b6d
23d959d6
ea79a98c
5d7c595e
81ccb0f0
228ff61e
e2559291
5e557ff6
8b556fe9
0a533017
9ca9bdf6
7c092c3f
7688622c
eeb2c0c3
945ce6e8
f93fbe82
06480220
e90a5062
9d6d74af
2107ebfe
f923bf82
0062618f
0a2eba2a
871cf7d6
587d8b3f
bc494af0
c80aeea9
52056bd2
82376669
f328766f
bb9ec2d0
3f4ff602
264d1cec
fc1dc5d4
8906cef1
fc6672f1
1414804c
7d657f66
02d1cbd5
e74c6d91
d211c188
b909670b
390570bd
1c1b9365
9134f4ef
92747c33
3c89a357
3ca67bec
1e1eb76f
d250b7ba
e3504954
9d09cba1
b9fd04c1
a5c29466
7e0bf630
5fc03fd0
ef0dcf96
8b70c3ca
eee997a0
33601da5
e981d78c
18f961bd
984b0734
4b7fafc2
d97c96fa
d0f737a4
785d07ec
bdf88f20
31dd693f
7310afda
be2b3ec0
1932c455
b1af9e1a
6b8412e6
4d499b2d
5219c358
11fc7471
0b9444d5
04a0bcf9
5ab8f2a4
c11d8e93
7aa81071
ab4942fe
456718f2
aed3b933
4dbaac28
cb950a6c
ea120ab4
bbced915
7b93bcb5
4512914d
a685ba26
86ff949b
fb594efc
62664759
7171d057
15030ed3
9badc636
5c07029e
94db21ac
73a59538
59bdeffe
42a5f414
2153c818
2e89cb79
e4417d09
59ed3bc3
6bc3d250
b21a1eae
28701495
5a132a3f
f3678a20
f680311e
4d0084d7
5941746f
82c2d9cf
c395afb4
475b803c
e1803fd2
8a812033
4f1b4d89
e5dbb998
da6d1bf2
43dfb315
c266699e
ffd14f74
1b1e4497
f9f14e7f
935cf2fc
51ee0217
9929ca2c
f3aa5b38
178c13f8
a8b51ba3
8ee5e65b
d01bb296
c4cbad9a
4e128865
17aed589
001f902d
7e8ec4f4
9d630f57
7457bb57
41506152
b8eac0c5
8b086572
eb6c7a53
64430ba4
93b83792
e8031120
68b89ff1
13dad9bf
946fa13c
1f37dfcf
34546dcd
0b052990
3ec7a2c5
8341f133
c35df6a9
23ebd827
de5c234c
4c513fbc
f6e5a62f
55e5850b
24650d2b
9a22acac
9d7826ff
e25dba53
248d93f2
fba6f763
0e3f3e18
a438ae32
4136e26f
e6dd5cd5
19c016b9
00b1d327
68327b50
97ceb0e9
8fc1c559
bd84fa89
3fabd8d2
f3001233
72db2aab
2a05ae07
10ebbd71
6064c87a
ba4521d8
9b62ba96
8da48940
0c0083dc
bec9183c
8e529851
caebb80a
3e0f99a0
2b6a3763
e3c9121c
dd910ee1
b6e7e080
e2c1bcb0
090d7117
0a52fcab
026e1b1c
3c8e4d3b
53cb5e6c
658a7243
47a7d2ce
e1efa0c6
918ec87f
ac15e773
311d87cc
4ac4b966
bdaffb56
d03a2e00
6702523a
657532b1
e7012857
2d774e06
65ce939e
a32c955f
2fc96690
abf8cc33
53eaa3c1
cbd29a6a
31b16b25
44676c41
a5ab94d5
b27f48a2
1dbb2b5f
33ab6802
9853318a
f452a4f3
f9e61cc0
40a5b5b4
c34f968b
edbd8d02
01a689d0
02b5b2dd
6cc602bf
4c7ad130
4ea089e3
65551aa4
97cb27a8
9cd1ee88
7626e576
bc48f05d
b45a8fb7
ffebc27b
c0327779
1507288e
467f4363
7d337c38
ea099c9f
c48f0268
c82233db
ebf4c8ca
9d13b660
0e3150e2
d1a72621
32aa636d
0e6c56b7
f2e7a62a
a49586ec
dffa29da
1c3b5a5c
90ac2864
7109a304
bb17fc83
513ca5b7
6b119100
a60b1ee6
b513a8ca
f63e5b25
e02e1dd3
809d8fce
79660aab
f6d4141d
ce82749e
aa2f4f0e
0be2734f
4182c31a
8d22bbfb
ab23dd55
a75d3af4
0421fc12
80bb7cef
55c06c09
6f19df7a
36eb37b1
c6d2d571
234d7286
f8e234e7
b24f7117
5b89be5b
9dadd427
b3a00739
458dc188
a6cbdfaa
54b9a49d
6db4ea80
c0b8b857
bf1c351b
939256cf
c9110bcb
ae4acb6b
5f9f5fa7
b7d0f4db
fe7e1f63
e60cd2a9
1c55e5bd
85f51c21
375fdd6a
2d8800f1
4ef9e11f
6974fb28
8d46c68b
62b72885
7b884e88
ce6e773d
c2c385af
fba5101f
67c50caa
a817f198
987b0dcd
62d15d6e
d9b14c1a
5d24bdcd
22651ae7
ee55313e
3374fffe
66772c79
924a14b9
556d5c5c
58d1af3f
1fe1b3f4
f5576e7b
8d1f665a
71ef85b1
b23ad587
98a7f567
3017e2b2
47f030f9
5c419dc0
7bc8a5c1
b9517cf6
80ea4f24
18f256b4
46628a61
12e2dec5
220cc29f
37258d7d
7a266194
3e12c95c
634721fe
3f803b7c
7ce1feec
39dbd592
726869cc
702c4b8a
a9bc232c
46fd2e42
887a789b
416f99ca
0aab2f66
fbf76c91
864898eb
e08cfaad
301bb400
8a0147f2
8b07a7ca
1d9de612
78c693b8
4fbc8ca6
54731529
6173082f
2ffaa5ee
747eb065
2bf74e7e
a40d55c1
6efb61c2
e0746c77
d0b58483
d0812164
1641d1b3
21963c71
9ca732e5
71825bae
f4091f8a
388ac206
1661b0d9
fc3dbf1f
c641a2b1
b335dfa5
69901c8f
a5977a47
a38d1fb2
3c9dae13
ce116582
7de58c8e
27c26cd4
69e3f0be
93a1fd24
ba414358
cf27fb77
0c27f8a1
9d1173fd
02381221
e9b7ff5a
f3fa3b81
0588d73f
ce8b1ba4
0b0c14dc
f5ee5fa4
67c3dfff
598c01d4
56e785dd
95969b04
5e4d8cdc
923fd304
50ac5fb1
d16b3bb6
817340c2
296d17cc
43ffa1c5
d771c897
e5166b00
0669c20a
a1a97ca5
b51513be
3e9a8774
2413b729
5e326438
682d9186
55bdbce9
af893112
04c411dc
77569017
a6a1b1bd
5e2261b2
14d1241c
5b7a2bba
ebb2d9be
cc4952e4
7f0f9fcf
ed7e9256
e0de4b26
59f04102
141fe082
da1938d4
afd9efa6
fa3b5378
e02520b6
6d5c620d
6880ae2e
2c1e9547
6093596f
f7afe8aa
79025c4b
cb4ef89d
b15d264f
3ce29613
3b3b748e
8bb7983f
56a5b332
f378a2ba
0e82bf00
f680063a
67560531
665e4663
35ab4e42
9c6ff8ee
43e487dd
d6e06208
e4078be5
692f8461
c2fe8b79
5b254853
b1befc9f
4697145d
9aac06e5
d63a54e6
8b434b9c
7252010b
1506e85e
b0e38e11
327fabb9
99c6e6bc
a66a3ef8
be0d4b3d
1f1e788e
54028f40
97ceb5cd
9eb4352c
acb09377
1884192c
284ad537
4349a6d2
c8ad1e27
b7a7a62d
2ecc7325
70ed727f
86eec125
ba95fef9
31d89ee5
40e1126f
9c4ac085
a0d53d60
30f6752c
ac8640a6
9f09f54e
cf117c62
2ca76840
bd9842fc
6b80036d
c38f1335
305b3152
92a04409
b5dfec8e
d0aacd9f
278a4940
3179bb54
cdc69ea0
5a4039cc
15057510
37a45264
90489804
b3473a9f
20d3da1e
4b84669c
5601f850
27f0dc8d
1838b11f
01676e01
42b95db7
a65f4311
553b6bf2
34c78d7a
05f9ebc9
fe90da2d
08b125f9
f184bfe5
b5897abe
ba2d4624
fbe575b0
f6773eb2
29c516fd
862d603f
6162d1a3
6b9f65d7
843886fe
00f8557e
523405f4
91743e63
17c08d97
d20f6db1
7709c49e
24723ff1
fdcd0918
9e2dc03b
2a6562a1
0ecf228d
44351888
c0c42958
e81ffebc
70f6eeb5
f5399cec
3d4f92ec
8f0af360
5b6be79c
18f8f0d2
632144a9
71a7f092
51454921
278eece0
2196a891
8e889f8a
8d530e94
6c9bc675
ad78cd74
840da230
2bc131fd
2ece2556
8bebabfa
7b3f2d82
e0bb7fc6
5aca4314
9e459bbb
e1f8dd99
d34e0350
b64a3bac
2ff9e688
2543a547
3d96e1b8
8396c178
6a6a3c73
702c96fa
3e31b708
7a562830
0cd661bf
8625dafa
c9c678c5
dfea84d0
1d2e3550
ef121f78
c691046a
ff1b9eef
196271ee
35bc0374
3e1d0d5d
aa839cf2
bf12b957
c5042620
6355ca94
3de1f056
59427b2c
8f7365d7
def62604
bc1465d0
d521b4b6
e03d0cbe
86f6ced8
cd2d3eac
0fa8718f
cda2fc6b
ec9b993c
abf5001a
b17cfbe8
8267791b
48bc3ef2
ae175b5d
c1101ebd
d95d0616
1db4a79b
068fe5a4
ee2c6ba0
8af3aae0
217d49ae
97a423c7
1abff30a
7bf7b06d
c8532300
a5108b57
8bc0a6c0
91e6f660
f0298166
260af3e5
7844e894
46116cb8
24ae7352
ccc1838b
f1d76fc4
244a311d
32fc309a
e27af463
817b70d9
c7b2d043
e2209e1d
b519082b
c95f0deb
26ee15e9
c4a06e96
8ba3bb1e
23fec750
b611bcc7
2354d4c1
255d67ce
1edc6f13
1644ff79
72536ef8
74e29e12
5ed303bb
1532f736
1aaa21cd
24d25734
f76404a7
92e1ab40
ffe23253
bd5bc32f
4bfe240f
ec43f398
5aa969b6
a8cafade
a436eb17
fa1d0c3b
b4cba275
780b5112
852d9322
1cc451b2
20402d94
7c66d069
3c674c77
ac2cf636
89a29004
12a67827
a9262ac4
38f88493
a7b455f9
41962a26
056ccd5b
d1dc541b
775ea585
ac27dc7a
4b9ad4f4
4542ce81
3be41670
e2b88420
12519a82
31895ddc
42713284
79c570a1
98249706
0885b54c
99ba5d45
d1950238
185d96b9
151fbdab
fea0d326
f41021a2
5dd85f53
1ec387a6
a661d9da
57fea7f0
58d98c2b
d84c59d6
20e9a8ec
e8d19e90
560cdfbd
300535e6
5e3765ec
edec27cd
18fb58ab
9bf0be19
d0936ed1
14a75f44
f985d92f
8dcdd8c3
8153b7ec
71b716e3
0c0587e0
41c49b19
c696a1cd
fec28d5f
58275e71
c037ea04
a24367b5
f50768da
6356449b
361b2720
9064d712
db32d4ab
4f6ed3c0
12217322
44ddd582
36d0f3d5
c4bc99c2
f0cdcf8c
2c974568
e8205d24
2ac90b42
a5df835c
58d386cd
55db1adf
77f3dbc4
e8354021
a0fea6bf
0cbb91a6
1d34cf35
9b7fb1a1
ba7d8ab6
095e094f
8d384076
5a060572
1b3ab3a8
851ee66b
123af73d
7295989b
a204c9c4
45d7934d
084b631b
16b17765
0bae400f
52169214
990275cc
7bcbede3
97ccefda
1206a095
5283c159
48284d27
a8dadc4f
91bee06f
f41c46d9
f07a51cc
c7337c85
011fe31a
e6205249
9804f712
b41f07a4
da24209a
0df06205
460ce84d
4c32f667
f447a9a9
ddd6ac99
f8b31748
fa766294
cd928c63
8b24d38f
c51dc890
8a3b7563
80368158
c38f9ff6
0f872c28
776ff732
8b23fcf8
fef3d524
b9ea339e
5fdef30c
e45d3a05
f221b5d8
97ccedd0
d63c9203
b6e8938b
1c5590e5
8027098c
40d160d4
86150dec
abc07d02
5f51c3b4
161c0d0c
b531f2f4
c3af3d26
31d1fdeb
990030a3
d0203a71
cc0eda24
3e9f3acf
33761dec
118e67ec
e28b132f
f0d72b2a
3640ce90
4165df85
b54187c9
066e57c7
490e0a72
25668ece
cb156240
0484a975
bb9d5a52
9c5e8d71
4f575f57
fa0ee115
15250f55
cf8726d6
cd285ed2
48697a21
3b0c8cf8
42666419
4a0ae7c1
d967fe19
39556105
9803b045
5c9788d2
9f597273
de6b3ebc
b6293a0a
98b8e451
52bc012b
83ec8c81
40cc0122
21bc28ff
dcfdc6da
51b48dff
7779a944
e46d6670
80c06c72
7a8fc183
87bd1072
12cd12db
021e1b77
3bf4434e
731f272b
50b2098c
0535ef78
0caf36ec
1360c207
580ab51a
f91b9eb4
9d35c4aa
99153114
2a0ad1bc
152b375c
fd4dfc6d
3536f048
3b4c6e44
b3e7ab72
3b4a9703
407a86a1
bbfb3785
65226440
67f841fc
ba096421
0d6c837b
5f0ba83b
181bfda0
b001082f
3537e86b
3d40c335
ec722d2a
56b58629
a6fb4bcb
8db32b16
01e0bc21
ac33ef7d
32e695e1
062593e6
44daac78
aed96c07
2b58ea2a
4ca767ae
f7cbd6d9
0ef0283b
1915af37
5f2482fb
39d4efda
d305dfee
d38e6dee
46dba8f4
6b8eabd5
78ea39f8
158438cc
5e4b7fe2
88eb55d1
5ed76755
1a67b8bb
d54e5386
0323708e
b0f9407d
c0800a72
f60b6794
83a6363e
fe126ada
daf7b9ef
0f055b7a
13461ee5
e39a5da2
df2df7e9
0ad9a33c
394ec474
477e4231
fd5bfa3b
61e74adf
1a00475d
af04bc64
6280ced2
80209a76
49071fe5
000bc4ec
e2cdb11a
3a2387d8
640c9ef7
4c4b1cd9
6e776ee7
d55de157
0bafbf68
4f27c9d6
5525d1a0
b33268e0
e8a52f92
22cf87be
152a477a
de4ffb17
e59f4d0a
81ff23c0
9e4f62a3
be2aac80
923b8568
c0f68241
07a19bf5
7fa9d2f8
26de47ee
d7ff2ebf
7491c5c3
2bf21221
705125ba
ff073460
7364b4dc
9cca4ae2
7d632e49
e2fd4032
784ec81b
4d3f8d62
c5f83ed6
b88589d9
37005ea9
a83be947
be06e72d
63884afb
43bfaafd
02b75705
ed1b7e97
fc15bc59
2bcd78eb
15ac18d0
361ebd03
49113ba3
6acdc8ca
7b566745
538c04ca
1959cd67
90fee326
8370ea9e
d99fe67d
0043e79f
6fac5324
54c38ec9
5a2ba2e1
609d6e03
af061666
995bd2e4
3f7ffb45
1f079782
28352ad3
ade88c43
f4b51c9c
322572fe
fefee9f5
eca79d96
78386796
bbd98c64
26448efa
d34af4eb
4b1f1989
6a6b72b6
2d943056
af50614f
278fb491
cd0ccfd4
aa3a519f
9ffa22ea
d560ac9b
fb386942
3af99f94
45b39ae0
15a05c90
39fe8c2a
f74a6d55
69796678
1f37454e
33ee35f9
367d137f
0d67e7b4
7af29b4f
5c6f34bf
ea5aba08
0245862c
d43342a4
3995f7f7
dc1e831a
027395c7
f8469ed8
6cb5faa6
a88d360d
b8e6cd98
d3fe8727
a1d88907
e324fe3c
f7fcc78c
d519299c
261457e2
c4539f84
f4bd8e13
806a5851
e145020b
4c6abba8
8a1bc8f6
e8bfbafa
c339ea53
422e82e9
00922feb
538403f5
9e2d929a
b566edde
d06b480d
ce5e2e71
bddb458d
5af6e746
9807fed4
3958b3ad
4586ea29
f8209358
3c364747
2b08395e
812c08f0
b4c906d3
d99132f5
4cb2019b
6534ef64
72254143
d1868099
529b2476
5e3f5b8d
eefa9db0
b4068ff9
657ab12e
b096f1d4
bfd2006f
8e976259
9a8da301
bb16d130
d06487c1
72be8dc3
15c339ee
f4b726d5
c1c80688
2857c25c
095e599a
63ad37da
9c2617d5
1fcd4ad1
b41203de
cb2579ed
7b60a8a6
fcb0a9f0
503a9fc8
d7716326
9d55dee0
ea244f36
a784e9ac
4430ef80
81084f37
745689dc
0e87cebd
70fa9dc5
8ac72c5b
f09f9ae9
d5b755bf
0991b81e
3ec67254
27de7076
c0a2bfaf
1fef29a5
414bd891
b8189c1e
b9bef674
d769483e
805496d1
a5009e20
581b9ba4
2832cf9c
41f821c8
1ca328b4
0edd6028
866204df
a093c38c
08ff5c39
d670a52c
f8644c9c
37a5793a
8061cfe3
ef9db7d6
b4975ae6
e9aad1a4
98a36eaf
c9b0b6b9
04b459d0
d774cdba
56aa33e0
e6073584
64d3d5d3
2bb36535
1e0eb026
da89401c
b5fcac42
87bf14cf
4f769f97
fb47aad9
980f9a2b
62566cff
3a17c74b
f582ff10
09ead34d
3f073907
df04bc9b
87171a2c
272a2338
a2356912
55ef2274
5a481517
e32f830d
964cb823
431ef432
898b060f
c6d9def0
c79d5ae5
e848a65a
5d489948
4aa78fef
7d4d6ae1
8447bafe
9abffe0a
6f4786fc
8a4a9f41
13120aef
514a938c
1c331e52
98162337
27e7ecaf
ed2b24ff
70462886
9d78f764
0a1b6dc0
b106d53e
b46d5137
65ad241f
a543e591
a76c8e62
1b56ef6e
d42fbc8a
2be91b22
9f536c7c
50f6aedf
99a36c00
f57a7a11
8bd749ac
174e3772
bfa27a59
22731fce
0bce33ef
2832b4cd
817a6c35
0fd48293
a23fd017
0a52efb1
ee101ccc
e8e76974
b5248c9b
b6a1f061
1619c1a2
63af5e81
5f392c02
8fa02312
8909d5ad
86f02ac0
a2374c93
bc9821ea
11fbbc4c
9ca93dbf
cd208610
0a2afc8b
55bdc4ed
ee378417
93fff6e4
bd2ca7c8
df0d10c9
b711d26b
21a47217
ad74c233
10507d9f
ee2a7e9b
d0f890fd
8151a97e
d869b5fd
c63261ac
0c187930
300b00ac
ebaa67ea
19e89e13
968fd63a
b92abae0
085456ea
5288b05c
8da122a5
cc6ae5b5
986f7ca4
ca5ecd28
cebef487
66f2ddb6
e33616c2
ff7143b2
58a09d73
d01b0856
38f77faf
52b31023
098c07e3
35d5d268
038cad22
1d9c663e
2c115ad1
a9741bad
2eaa195b
1fc26475
5c1b6b99
506b728a
15a5accc
e622ce1b
45cc17a7
21dde2b0
bd4d7c09
9dd451ec
66bf6fd6
2a9b8a76
ad9b6c91
0e65d959
005e50d6
30e8e5d7
26295e13
ec260ac9
13786d14
8c0915ce
90bd0758
7cd09ca0
e4beae40
eecab979
98a1a264
78107843
72d521d5
a2448754
2fd024e3
ee77237b
b54335b6
bcff7d5d
59c91e4e
43c40bee
401bca4a
1427d14d
2061a83c
01e23df1
39d77f89
c7f63b88
f4a53f20
e1bc7169
9426a013
53d0cdf4
7a774c8b
10cccb82
3349b4ca
6d321ee2
8d5e0a2b
65042143
615bd60b
6491376e
8a776335
c06b2def
7e46af03
2ee2a7b6
2b183fa4
e0b9533d
6a2aed9f
ac1451e9
28c9cec1
eb6c69e6
11f41a1a
3fba9094
a7089edb
ac23432d
a18ea52c
2f25e899
19b138f4
761fe3e6
7fce6b0b
82767796
e2517c51
625acce0
53414957
d9e0f1c0
760472bb
613b8439
b911863e
e4870609
ae4efa2a
c515ce49
4b1afe13
c2d33d88
10d643ac
134023f2
f2fd91ae
d345e316
497d8300
968d7879
1396a0ec
30d39968
3134677b
a52d2488
df544727
0e724b5a
68a1b8c0
e307f671
77a46317
7e6b1b0b
1b05faf7
df2c929d
279a8900
9ee93983
a3f71acc
2e35d9a0
4e8bc425
a6c09d02
e152422e
3a35508c
ed1c24e0
95411479
75c902a6
30c2394a
0546d9c4
955bef30
f9b9501a
892a6536
66ebb2c5
fe14eaef
7fdc8163
88f716de
084fe58b
999bccc9
745733bd
4b2295d7
6cd54e41
239899ce
f58e090b
3e1b717f
cc1ede01
fe99035c
7a0794db
0f612908
c5319536
e3ddce91
860bc995
e0f6841d
bfe411ca
4623cd0b
3f5a62a7
dc677906
f0319bb8
ff30a554
7aa3bbd7
17441ae4
9a8aae3d
17ca299f
8bf4c399
b18904a4
42c2ff49
4fa1fc36
7345a3f7
9d31bd24
bcea7980
6e2300c3
53086dc9
193d0f9e
57535c89
8779c693
5b12d625
8a6034cc
9066a296
fd67de0e
0f6c796d
bada8968
8210a768
cd4e88b3
f59eb282
21ce37da
d3f2eddb
13359954
9d7865aa
e5ca7c9f
1e721cb2
f890f6ab
a51718b8
7df6bf41
04040b98
e8a1a5a0
5daf1d5e
7ae89640
3eb90739
2b246ea6
ecb6587e
dd737a2d
04c7587c
2f3b3304
4d16b86f
e499a35c
fe424f74
cfce01dd
961c532a
4eb210be
262a17a5
7ddd3c84
eb0e87c9
e980cbe3
4b957f97
a8cf4ff4
365aa3a3
07c3a1d8
982a71ea
d083c7c4
1e72ac31
78d91243
80925706
1c3248a6
42795457
0be7a9f7
0bf5afe5
eebc7581
d2c19d6e
4804ad2d
02545531
c46e5f0e
ea87b6af
53d01f9f
21780510
d794d7f1
09884ebc
35e6b31e
c804dc06
87286365
9a506521
e141264e
b0dc51de
4d195bf1
ab367082
03a0638f
bc86502b
737f8710
d1027660
0b388b58
b13d6e0e
fc87663a
9ebe650a
8008ca35
4b1cadf5
5b8f7c3d
677b6d5d
e89085b7
8928487c
9ffc15e8
9d426da3
6f55636a
03d00998
adc86c38
462b6026
6f251e99
eb4c0db0
e40661f9
96e46c2d
114812f9
140ab3bc
8202c7b3
5135956b
d6341c1b
52246f5e
ad03d541
19047e21
1b576153
ba8073f0
9404ec40
2dd6a631
2d25c9c3
31f3fc23
0ed6d5a8
21adb379
c13308e8
d64d063c
6aab8076
e523d3fa
2daaf920
2fdbd40c
794c6395
91ee4804
bdf00302
84a8d8f1
6e64f1b3
e2ce1546
43bd2d5a
05d77075
2e823c19
082b34ca
a3ef604c
6395cb72
09242737
0df2c10c
5abf0d62
69cdc269
f703e16b
3dbec6d6
a8fab22d
30e9b82c
d886c4dc
b8a5025f
065579a4
003375a1
4cb9cf10
9fd62dc3
e8c6b259
12b1c694
26484c70
7ab38307
f612c42d
48f6c61f
7cfa8567
cc085538
aab37ff6
c1f7e09f
98d62c04
7824dc7a
4c25ecc4
55d38573
b67844da
794110a1
b1879039
b77f6728
60ae67c2
21b16e43
88ec501e
4298dfe6
2c8a072d
de7f9ce4
b75fba29
dc845a4a
8c03448d
5e2cae92
03930cf9
2693c8af
c1c2bcb2
0277b0d5
fd1f2ec8
b9e42abb
1c7ba37e
68cf8c51
b8ed8d87
271efb21
f3b8a0c8
861af955
e017631a
0cf3470e
ad05f647
9aaee1b3
8fb38267
e7febde8
f62db419
531ebcc0
75735e31
9fbb661e
68eef1a5
e0de1ac3
4edeb815
5a7dd83a
0c8a6686
b1edd174
18b99089
061a1c69
9251058c
536f928a
7221a9a2
e39b4054
247ca39c
9ef2fc0b
344e6cfc
f29a4bbf
2b1a1f65
710f6e64
02a39516
e133f50f
f3ac1fae
3540974b
6b0bf636
9879a8a9
65838133
b508c71a
fb0bb687
f68b0366
a291f652
8b74da66
40ce4c59
eca5b4de
75d8bca5
161bf4d3
f70620a0
1641ba11
7534ffbb
0e8e3c6c
4b015d71
07cb5373
155aa83f
d62800ec
30c958f9
18d19c85
263a86fe
b7389d07
89bb3f27
6a04faee
fcf2c503
3f5946fa
23089db6
e621bf68
ae40faeb
96c9e9b1
c7ce3366
2db21511
c65e3540
32feb8c7
a7f20765
0c2c0391
ae259fdc
5c28c320
55e1a551
7b98a73e
963338e0
1a23a035
54fed0b1
e554e513
846dfe59
21f6e408
fe6015dd
04831754
f5c51f73
122bbde6
7fbf8454
1956eeca
61ece482
ac443c0c
17385e33
850a9450
bf59b561
6e572ff2
f572cdf5
880b0406
7b18c075
1ba79a65
54bc7710
1da4529f
4385ef16
8dfe1b21
3b72e29c
3a3c2f24
09c990bd
0da88330
bfa90028
545b2b89
e492c051
19106e1c
acf4360c
5736e191
afdb3994
756876f5
190a5f12
8a746740
f7bd27e6
14634786
9288d5c6
93f9bfac
b7a60868
36302b65
03da457b
690aaa3a
8be9c937
ac7d067f
18654205
212ecb1c
4aacd752
c01c1e83
6eb866d1
b80eb17a
0fd140ae
7b595d74
6f183543
eff89f6e
041c60eb
0f760eab
a9203f24
0bbf7feb
189ce4da
b61871cb
59d1e89a
a5fc8992
8358adce
a10e6971
a1a0387c
7d0b8c7f
66101a98
ced92ce1
715a6695
6e4d4e39
8fd69648
d57b0e8f
b57ea7c7
afcd6a16
22786180
21238e80
88f947d1
c8594446
ef528c89
7f6fc1b1
ccf200ae
d6b836f5
52dd14c0
5cdfa09e
d70edfb5
f20c6891
6bab6bd6
19836697
849d2db8
85916c45
cd5c16f2
2f31e8fc
67d1c64e
3ed3d9a5
035f1414
51be326e
575a998d
39031ccc
4caef06f
25f2979e
515d5b2f
a243bcce
9191a7d3
8c929882
e0a20aa2
e7aa9519
359be782
f903a477
a8f167d0
fd0f9cd6
059b1fbe
d4cbc9a0
1835bd00
9796893e
af4dcff8
acebffe6
4091acf2
0684f85e
14f1364b
36c59160
0c46e349
06cdeb5c
09fbbc77
6bc86344
20c53d4e
bf9d09ab
2816ac2b
4dd25836
92e2a03d
a70eac4c
472e21c4
1e91404c
6b0a233d
ff690c93
4420a062
a921fec2
9e9bc388
be929ba7
e29f3791
870242fd
f25f0421
007e9762
32626155
2cc35c3f
6d68bdc6
23e0573e
9a55058e
f077d8da
b3d58f7b
f1aa03f0
5162e1c8
ba6f2f9c
8521e5fd
59fa74f3
595acaee
4c7736a2
1ce5b6f3
bd74c8b5
6f87ea34
d4f72cf9
30b493ac
0ced8eba
c5eb0580
17021ca5
6d4bd489
a9af0c55
b062a2b2
327d984b
228b4632
3e9128b2
60088cbd
b3a958b8
b13221b0
b4c52f69
7b5ba8c5
6cb58176
b50364c3
d0f7ac91
176a34bb
c70f0a99
2ed7a73a
b2463f02
4bd30b51
f2da80a6
abffe7fb
b9b19eaa
49aeaa65
b9338083
a273d804
75a091cd
ec261db2
51dde4a2
7bc17607
b578709a
6b6ab73a
3b5064b6
47968769
04581b97
13e1fb81
6dc59c0a
a9f9b9b7
7be8393f
20628706
5a16f1d4
16ed40db
9b1e6c4e
d348d3f4
4225c9b4
6689711b
9916f413
945e31fa
e824ddb9
3a6e1231
098da71c
233cd96b
b4a439c9
f6175bb6
9397f26a
ae24f5e7
93d6a243
68197c51
da495f7c
b02dc134
e80e818b
5ff1e6f2
31c5fc3e
41ef61e6
a274ccfa
348f6399
a0e9184b
8e4ddc2e
9d35901c
c1e0287c
a50f736d
fdcd01fa
18b56365
e917e1db
a4e9926e
da3b6d57
dcd212a6
b064d412
f8fc40c2
a054ce18
81520497
6399beeb
34b293a3
ca267051
e9f494d4
73f9e95d
cbc890b0
1644f64a
10724753
33fd4967
b81fd0f4
f387c2bb
c0b3cd76
67ef7864
77b732a0
cf4c5c52
0b4baa85
88e3d313
818c2827
8dc051f2
7ada4809
bc40e2f1
37352bc9
a9d47a14
8ae3cfbe
c092a7eb
8af77b08
df2f7ad9
c0c82835
33fdc714
9ae0288f
1c82820b
5f5db2d1
bca7fc9f
7d0da738
043aea4e
324bbdd6
1a8d4e2c
934e9b66
5e200fbc
4f561a4a
359c62ff
973ded62
b72c764e
fa6d93a6
546b7819
b95b334d
0ec7adfd
f273fe1d
d82b629f
e55b91e4
b2b9d7b4
9752022a
7c711a34
c542a718
11a17a65
234a68e3
a8315417
e232a54b
b912c8c9
b0f58479
e975f88f
632b116e
f13e160a
0f7603d0
0e4c2968
026cabef
89b4372e
31ab358f
1424f9e6
64e91072
66e1961e
a325f367
8742a0e7
9da57a5d
23e44185
c19a0352
b1de14dc
f44f7621
74c2b922
8635fcfb
04a387c4
bb62a1bb
5dadb9d8
31e4c3dd
fb7603b6
c18c0ffa
57ecd5fc
7b8401c8
772244b1
0d176043
59456690
45f82c6a
e7187dc3
779fbdb9
b235833d
6eb8b2e8
cd6b1fd7
bf79bf82
002d6bdc
c0ce896f
e27ccfed
a07571a1
8d791774
c083d94e
908ae94f
be52d067
2727cae8
0584ee28
519ec8e8
0b46206d
809fe1a1
adf6df4b
f3fdf4f8
4dc16aeb
56ff1ee9
84ff3a13
5e81fe40
2e9e8ba5
a4462ab8
47ecc7e9
e44a4cdd
70769d34
8d6bea33
0f0164ed
41a6e348
1e1b8b5a
ff0977c1
c0246302
1b3e85ca
d57c179f
64c5fa13
ed675495
6a5c527b
5b57cd30
bc6fde22
37c5fc33
a9bc4f26
51f8bdff
c21a350a
7e9dfc38
2023018f
71c6a520
32efc36c
5339204b
5dc0ef80
52a0ae46
a50b6f2b
770da710
2a23b203
fbf9240a
c79c1997
096afff6
7c111af4
aab75fa6
965005f9
12af38a5
3f7571a8
f2a8a68a
6f1eacd8
2b619355
6fb54fe7
a8d8c0a6
0c1a5b4d
e8fdb800
cfb33077
8c5fffc1
99f0f042
f2c4a5cf
47022781
23baa797
b168143d
41437c55
dbb52898
42b865ba
bd4ed178
0a77c2d2
91f2f82b
6378f95e
22ba34b6
c40d99d9
3b707ccd
373f5f7a
3205ba1f
9dcae018
a33a90a5
211f62f9
d6481360
19983020
0efcb436
5404b411
50515811
7a027db0
5540b406
0a7ed85a
b1500692
91e09ddd
483e05d5
849226ff
d6fd4ff8
d2044570
e7ffbf52
5a256627
08154e6d
ff88a667
1f04a2db
fe98db48
0389d390
741ac203
95696cf9
2c2f1dab
d6f0fe96
82a93c30
d1466fda
99f4d44f
b53ea557
2890992a
9d19998a
e138a35c
45a972d6
08b1eaa4
ddeb872a
dedc0d55
3680cb51
3b3e8cb0
8247677e
0fe032dd
dd31ec33
a6f26eb7
e83f3ee5
6ca2161b
a51cfffb
70a4af7a
b685ea1c
87165ff6
35decd58
53c79959
a0bd03ac
e369d111
a8af64bf
ecfe7c33
368c07f5
44988177
230af77f
feb67e16
02c62743
6a825dc8
00e30c49
e0fda229
1267de68
af281146
70937047
82c69c91
7c4fb74c
6cb18197
d275b2bc
6d1a897d
bc88d4b3
b7e5219a
19b29bc4
840f08ef
c7a22be2
e4ef788a
2f23832c
08192a5b
e35f9087
efebab98
f7099ff1
1aae45ac
b40faa89
c4cfa295
67b7be66
60a1c78f
76a7380a
eb46272c
562dc398
4c8cc766
e42b1a18
463599e2
3253e53f
6f2917ee
c0a1d5f9
26b28fb7
af505495
fa2450ac
45f8945a
a7b67708
574a9a7b
e005b869
cfa30394
17fdeb74
fd04573d
56b3a59e
8d705e86
5fff036b
6fbd858b
7c2ed7da
f6026470
1ca0b85b
f4096bd6
15aa811d
4783a081
b50359d1
482a1a2b
53058950
4ca25eea
23d93332
2900d52a
81024aa1
09af7ff4
6bcb9545
ac51c4f6
725ad0c8
34ca6954
d5982b0b
32b4cc51
12042a99
9e41d32a
55d35011
3da7ae06
f0348670
7ffbb726
e811213e
0ecd5b1f
e2997de4
fe2447dc
4119d689
f0d27c5f
00c4ed52
e95324b1
c9eadc99
b8533478
5c98c342
6ca69180
dcc73b0a
d17eb977
da8f585f
9cb77f2e
15f83da9
d95f207b
9de2c7ca
76752a82
da101c93
a697719a
dc256203
63230ca9
96f76adf
3b9f2ee8
ccb7aaa4
421e6406
62e43c50
d23f6f9a
243153b7
a1b7997a
bf2a1161
fc279e50
55de9d00
31dd0a9a
61cfaef7
05d83c56
803b0ae3
79303b51
72d3e126
4a1fb6c7
514f3863
e26da598
1e4caf60
10ac29d2
0c1fdb4c
c7062bf5
4d3a8299
a3c0a2de
235c0157
d604d006
f9c1ba24
6cd13a92
771c451a
fad64425
3f169d5d
55a56add
ac328f4a
4aa28a05
818981b0
ae8664af
15c02efe
adea848d
db9aa76a
135f7f05
8f40444e
1fd9603f
220cc307
0bda9319
87dd4646
c8dc8622
0a8e27fd
47c21c29
a449322e
1564f48b
0310a011
47b93321
aa9d78fe
36ba53f5
70e778a7
0beec117
1bcf0126
ac9c1648
1dc2dd49
1e04e3de
b4c40328
0a01be5f
4d526c2b
8cb1af32
6b41afe1
87928270
4bccdd75
4aa21b61
04073398
6db6b094
f103b6dc
aaf64494
e7cfb1fb
8daa6651
ed9da5f7
4e2ceeba
5dd0f407
3a1c348f
ea245fc3
c57a3027
6c36b096
83e1d4d9
e011706b
2a38ba5f
7adaafcc
7f25234e
92f668b2
6f27398d
eb61562f
8a5b20af
62a63e07
7c8c326f
5ef2b136
6adef4b3
f1e02d2b
c60c984e
94bc9f15
bc3972e5
8b046126
39bcd54f
fcca3f7b
c81d2646
48f45e70
a9a34c17
001417ad
a5764ce5
152cb47b
df8c53b2
c885904a
7f2a5234
7118a796
ef5d8976
d2dc1c7b
f032027c
cd3b6c33
4d01646f
72aeee5f
2aafef92
c7c7a185
49ea1454
30bb2307
a7a6055f
8dc772ab
ebddd501
a997f5cf
2bf68069
d4c49a03
d88027f7
051fd989
5b79c53c
6fca5dde
fd621a0b
937e457c
19edc6e8
3402d888
4cb6a4b0
c293ec41
d297c8a3
b43837cd
47b51828
abedc37a
5703d221
9db5cf81
a47f42d3
92ee7184
f16ac649
cd91dbc5
6f89e028
4bed5363
c16b039f
b05d697d
58ce6d61
09129b47
eef669f5
e8f12105
08e7aadd
f5cd5d2a
ab7c2fe8
3d98db3a
ee73d996
dcd46276
629bc60f
da664792
323c49fa
9e336f6a
4276f2b7
f8be490a
dd6f3d46
5183f952
e18b5722
9823393a
e7152eff
995b033b
504ec0e5
61e7e646
017fe4f6
649d35a9
0d0ee18d
052439db
a50e6914
b0464c34
160670a0
95dd21da
9fde7d10
b621f6fa
cb67f716
76baabd7
0517c6d9
17e9455f
e8974f33
4254cdbe
a08aa89b
9934feac
5ded6afe
490b550f
e54e9852
f39fb25f
0cb44398
4dde6acb
5b67f380
5d47d63c
1ddbee9c
2d6556da
b9e29862
f659de2e
b042702a
91f8fca2
1553401a
179c469a
5162e122
e7c3dc7f
5508ff2d
7639fe48
1047ffc7
93236e8e
3bc4b581
9730446e
efc95f17
08308828
8cb0a293
6349a102
7239d60e
fe25a60e
b081f30c
51f91456
205c09de
f09e0775
1686f227
0a8720c2
5bad3293
7fb8bed2
05d94581
583787e4
3ad3e548
77aa0e00
21440c20
d8d72922
41266286
f503dd69
11dbd113
6a4bad6c
75365879
704aed3a
457ede31
b9b405c5
ab6d485f
f196dba4
c8465f9f
8880e158
308a8842
20501f69
67a58ce4
1f2a933a
cfd83bca
713f536a
1b7e7f32
2126acdf
817c0770
9f5ecb2a
ddd215aa
1fee9567
65411aa1
c89f4ad6
fbe00414
723ec63b
f8e5f58a
dbf6a26d
5973a85b
716bef42
43f6c834
f89ceb4c
666dba71
7c3bfd4a
5e06a19d
ce4355ab
6e369671
3f924dc7
7164873c
c7df7781
4e3b043e
d3a2efa8
053667d0
13da6c51
9c68da8d
8cee4255
ef83479b
674bcc88
05068284
fc6f717d
70131bab
9dfe08b8
acab252f
c732d957
7761d0d4
a914a479
d973f03b
c7977906
471b13ff
0566a41e
a51216ba
77f248e0
a9acfb1e
460a4269
f39cf7f2
76d09b37
23c9911e
30c20d95
15348336
36026f0c
d854ff98
f93a8f0e
7a584bb7
83764460
81dec605
269b309f
ac27d0d6
7e14215b
e6441e6e
0188d8f6
b48f70d6
c99c0b67
62540257
fee0c578
85dc7d2e
a292afe0
7c247d6a
26fcd28e
1e060c71
598366b3
58babf6c
b4326669
335b0685
cfdbc386
c18863b5
b82c1abf
21ee5bb5
f49e6367
f6e1ef06
7b841475
c63657ad
c2894058
88580950
82a05c24
b1f7af71
d8619ed5
f165da35
bf38e6b7
b84e92ee
a3829f08
d6de062e
6102370e
356b396f
988018cd
f606aa80
cea70ada
187caba1
e1cce523
33ae7591
8383ea94
5e1a68a5
62ac25d1
eee8b873
14a0ee27
26cb6359
cc21039c
2d4d347a
cbe49a22
0c28bad9
ecf6fef4
ea050f02
829cb5d0
6e6eff05
2cfe08b7
9599a02b
38fd6b31
0e74ed06
a83ed0c8
d448857b
70d6600c
e1c1e78d
7850b6bb
d172c8d5
e1e56e78
833f959d
50e0cda7
b877751f
49d4a0bc
915f05b6
ee347564
db34e314
680d5626
e1e72a79
7ca2ea6f
ae3c4a49
84298175
37757d0d
aa72347c
e3f0fa69
e72c9b8f
b52ca6b4
1f455df2
6c0fec86
a5634131
d3eda819
e3b1698d
dfe4673a
d6101b20
0a7166ae
57e43240
333cef5c
16d1fcb2
293334b1
a0c60ccc
51fc05c0
d8784c88
0924a20b
a450afea
e8fcf6d4
24090fea
6da1e525
4cb54883
8de2a509
431f5db2
36b730bb
f934393d
f7965279
1eb1c1b2
84802da3
2a1d4ef6
1974cf65
8a860129
967ea8fa
adf1d983
709342da
16bdeb58
c2821644
fbe7cd01
15991c93
d0d9ce62
e75295b2
42e21eeb
618762da
364a7377
0092211f
47ab0823
57c540c2
04ccbc75
7b94b484
0be6e9ae
e5eb661f
1cd59ca4
a5ed48b7
727c9e5f
40f9005f
19b43320
73a2772f
23d55eb2
cc7b413b
1540b0b5
ef4b1797
b21bec86
c5d069a0
8d935aec
71c6bf3f
218628bd
0c401488
db5b65ce
5c6608d2
f2668c3f
ee4eec8f
9a66ec71
6ff1b355
3c6f3e71
52ce47a1
a7700ca8
1eafa53b
4de2e6a5
b3d7ce99
2d7b1563
f0ad03d9
fbb6ec47
08f2e440
6da9180a
621138f9
49dea705
4d85a44f
e779caa2
772bac76
1d72ea2b
1a1279a5
5c97e651
f215987f
08ab6bfc
e94ec10d
794bca3e
e6812bd1
98ee44be
3786d204
cbf129fb
fca6c6ab
41c59d02
603bb5b6
96b15767
abe27dc9
52eb0175
c929cc65
ece2195a
bc6655f1
cd2b3b70
9c089e41
b07a4c56
fef72b2a
acf75cd9
e9df025a
5706de0e
d0e522a1
ae90cbab
ea061c1f
47bff45a
2c010e68
b1e3ab5d
90fb5529
38883b18
1f59973f
ff8c0847
a0af06fd
e5b468ed
07b9b3c8
f73986ba
597f2266
168bdd60
023d40e0
fe522842
267124ca
c485e793
2e994a5c
b5a2bf90
42cacb28
1a70d15b
9c533b2b
4bb49ed3
9fc18fae
d8f5378d
8d37cddd
2f211e85
690f97a5
d1fd1527
bb9b4903
0c8ea0b9
12bdca61
6f0bed6f
9b68faf0
9a82add4
4544d5ae
4bcbfe0e
73211429
77dbb7b7
9f8e2f73
3771a89c
b1a70307
616bb106
54e7fe5c
12f8837a
dd9c6b2e
422ffcfb
0944e50f
95947916
29a52c52
3da974c3
2fe54e80
0af2a585
3dc78208
ba6d46f6
e6f6e2fd
8eacb605
305cf105
e867229b
7a0cd93d
79fdc83d
3bcc7cbd
2b030c08
9ee2fa69
5b1a8245
cf425e9a
a0518d18
46da7e6e
96890345
2ea8ca0a
111d74d4
4f86d297
76b56a99
4486a7aa
d5682b7a
1532afd1
6fe84d91
39ce1b69
08e027b0
55115b69
e0b275da
040b8457
bfeb7887
86e92bc7
0aa09cc7
3d267952
293a3b66
5b0ae4b0
cba15e50
29302f4e
10ea6e0b
2c9de5e3
e2a3a637
64a2b5bc
55c2a36c
8e3011f5
f9c0fe04
025bed37
351ab2d4
8acc5bc5
06df710e
ff180ab0
2ce960e6
7babd88f
f4f45acc
b1c5dc84
0994355d
3c7b7b4a
f14514b1
13c7e854
748b2034
4ddef4c3
52f9ec8c
d6a235e0
9eb9cb6f
4b54c797
b25453d9
07faf9f3
09d21645
0deea931
a6789e9d
e5536db2
0317da71
ea828ae5
7ebe5221
7e7f8acf
67938895
1bc453cd
689c77b6
7c299451
8e35b87c
091f5350
77358eff
b2f8eb20
54227770
2cd222d2
b30d1c98
418ad7c4
a3082646
e841a754
ffd6b1a2
672d7b87
23182ddd
39e8b8fa
46da484c
5c3aacfa
287c476a
12dc4543
816e395b
8b4e3d21
08b77979
f0cc6529
fba96ea0
e564b4e6
fc61914f
440cd7b0
41eb6ecf
26be5faf
fd91e3d3
306785f0
c6ea8a37
53d9f5da
6536654a
ed46a266
fc13b6cf
59cd4ed9
306625a2
599a85e9
e775ccea
028ed255
51ebc223
e5ec6074
d1e302de
71512e2f
8aa4545e
a724456f
3cd04eb4
cebf2b72
120ed8b6
e25788a1
8f02c5dd
1960ddf0
3f41ba57
6b16d2a7
a80673a9
899c0545
28ce12b2
2e57d5b3
632deaeb
858fd756
ae8fc77f
d3ffa7f1
9f89fdc3
fc8d5a41
cbc6d54e
6c76ff21
6980f2f8
4fa0d51d
11eaa0ca
a548b598
7f2e01e1
d76a92c7
cfe7cbb6
1763de74
b9140a46
d534ef02
8809a0b0
5a2f37ff
31fd78b3
68d583b4
e34bacc2
efad4114
d7b9dbb3
29866f17
dcea1a15
2f67dbd4
162497a1
1a81c0b9
fd0c416c
62976600
a1838fb4
1a988c2d
63e38bb2
d9d5f8f8
682fa980
cddee116
e77a6e53
50712113
ed0134c2
704dc06d
1f3cd79e
a4feddad
53f4f112
10aa282e
f205eb61
9773cc2d
f31b7567
11bb7fd9
f6002896
3a04c2e1
36a685f1
868dbb66
1b0ac82b
69ff9c41
c3121584
a3f8cb6e
4ec3908b
3221f23c
4f4911a5
3fcc9ea0
7a9b0ddd
131f5431
fa9d90c6
843e7685
0aca000a
9e076466
09fbe03a
392cee6d
d2186910
e74a7c8a
c76f4c9c
949bed8e
033c5e68
2b526092
235d0c9e
51d7a6aa
0e9d69b3
c516159e
74a02091
27605303
a06584d0
ed1de0e3
1fef0644
1497bae7
618b9817
7f57f742
0135da38
7ba04dff
1ff92c8b
1bad1e5a
73f55b23
b264413f
024e52ce
c36a5615
f5c0b258
b49e5eeb
8962d2bc
89756ff5
899551dd
8f18d75f
131d6074
b8a954ec
552b83e9
a9b90492
a2ba1034
5c76b26c
da5c5b54
8512ddef
499110cf
caf1fda9
4c283058
4b7056c1
eaa19a77
ffb1d4cf
8067438c
81dfdf7f
925a94bc
72de061d
344854bd
a9d9d522
f12f6f05
b43ba0f3
d3fceed0
37235edc
5b3a814d
c57ef93b
b2684f7b
74748d60
645147a9
4f08b7c8
27675e9c
4e9322a0
e3f0a116
65696d19
746ce359
0d2acc95
34135162
e73d3a4d
3bf89ae1
525abe2c
b9b9204f
8147b3ee
918f875d
aef7a0f3
c80822ab
d46fdaf2
6537e093
5984aad6
8a712cf0
bd5b567d
c5234306
43b6b5b5
07d02136
caec335a
09073ec9
7127d746
981c1a4f
ac0063bc
98fef0cb
c8a2c1bd
a1c1c083
cb64e2a1
6cea78db
acf582e0
a423ce7a
71d72b12
240ec2fd
8de992f5
ec5be07f
2589ea2e
da6ff2cd
deb948a6
eb63d7d3
7029d47b
563c926b
d034b1c6
a1a07420
007a6577
2a731a2b
b9f14d5c
df2bcf93
31b3ef37
a6c7279f
5b2716dc
0a62b633
22415b18
64bd9063
bf384dfb
45c7de2b
4004c7b1
cc5871e0
07f148a0
5c5f4375
7c86a1ba
1e8c3682
fc6a7c7f
8e81c6a0
25a99a39
14559947
73ba8e6a
3acdc15f
55b0562c
b771aa77
7131d26f
d1b553a5
87e1c990
e1627a4c
d885470a
d66ae337
86c3e988
f4f2dfe7
95f3bf6f
52f6536b
ad39675c
e521add6
5f591ebe
29118cbb
41f81690
5b89f8b7
968099ac
b3b7feb0
80dd1f5e
5b61f4d7
d5d1079e
e258efe3
e681cfce
eec30b4e
4111f0ca
774aee4d
b47ecc67
d5242fb4
526ceece
09ce0d78
d0fffe6d
ca9bb2d0
850ca996
07c2bf0b
a446a2fe
7d35679d
e9668b6c
61e38013
43c48d79
798101d8
1195b460
05a1f84a
11104c24
60d96d93
beb6dd6b
cc44d110
a94f36d5
619b5c83
56b61f34
22b18f06
d94c206c
b948ae53
da5e6c3e
01886929
26305338
ac6778ba
c7248361
bee82e1f
8a6662f0
332c2bcf
3de6fdd8
6e79a2c4
4aab637b
a54d1b4a
a0d5e642
ce4ab68e
4e8bfde0
438df21a
6da314a9
d9b4a185
7afaaa03
b74b9134
235a3ffb
a420f04e
53f21301
3cb507dc
c7a698b4
3fae6d81
6123065f
5dc737a1
59d4ff3c
20ff212c
f1044f95
ba546f46
d6c3db80
2646e623
59e9dc81
327f174b
a351c4ef
d7c0a48c
501ef1b4
614d0178
d135c357
b7fadeef
1bae8af7
632f4582
ab80420b
1f7c4666
b8e35097
6f29e2a0
90390ff1
aa98bc2e
c65b1a29
14ab5fea
f1c28846
d11d9f57
a428c403
e7d3d06b
601f9dfc
b0546a71
c94c729a
375a59e9
75d1f5fb
879a2ef1
cf9b31e3
da43faae
765ce544
49042a1e
b2e073b3
3bac8061
700661ec
834ca258
36d4ff57
1b5f877c
6dfeb27f
b5652d4d
3171f78a
953bb36d
1083e20f
7ca88eca
68c1277d
8e3126e9
dec5dcfb
2388f437
5bba5dd7
47c742d1
5a9cc62f
afc155c3
c9367234
3bbbe68c
93d7575a
7abfe8f9
acb96a4f
1541e3ba
e6e6b602
85d6dc9e
38975ebe
bb3807e9
60ac29ad
c9f148b4
efd4abc0
675814c3
cebbb4bd
bf7d5221
f7f52e9a
f42872fe
fdf2b510
456d3a4f
e5066a9a
d9e92a35
17fe1e38
b9f6b715
5536b158
dd3c0b86
4af53567
2e640886
d81ce6b2
3413ce3d
b55327b1
5621f954
bb735af9
320c455c
a3b1f01d
fa5eeed9
79869843
92cd2585
344cb7c0
306825c3
a337e964
76318a5c
44a103f7
9321c2c4
fd0076e3
a119ac10
dfe3a4d7
98bf3738
8a608f18
965fe6f2
ddcda838
cef758e9
546d0642
8366d1a0
86f928c4
5c660408
472ae372
4b1bc8f4
434f910a
2fa8e006
be88380f
10cdd455
1441db16
75bdc53e
5ab8969e
118dd591
5cd48d62
e41f9ba7
a5805f8f
9650a781
91b551d4
ef8032a3
d4b98727
8b5e8dbb
983e52a4
5320b48b
c60453ce
b9c10880
c37c5057
a2c88c14
fdf3ed34
3756182d
75aca0e7
f8bd8ef6
eb3d3f4e
bb0b531d
7f0459f2
77631d34
8fedb862
16f71528
197042d2
483cadc3
dfa33e5c
3f078359
07c0cf98
e80703ec
b105693a
1b248a78
78769b6b
91aa3154
7ba06ffa
3dbb6217
c964c5e2
7195fcb5
837308ae
24fd0a71
5893016f
22b2675e
c938faa6
60409b7b
ecb46a2f
c2c5a68e
a88eb6f1
5a6e0978
3eb83cb5
b607087a
37400606
b7abcb1b
1bc2a964
706e47cc
7a65bf97
2998cadb
f49e8fab
f5bca55c
e86579ec
558476d8
a304858e
526d0346
7a251e1a
edeef485
c0e60b86
35aa06f4
f66979e5
8b6e8362
f8217820
9636c9e0
4f3e20fe
9e81b545
2ecf99d1
2a1c3cf3
de193540
65209f21
a992b518
bbffd854
00a3d4a3
91755175
1914d8ee
f5cbef72
a5efc476
a76faee4
1aa65122
7c388d85
a036d052
dc3a2e1d
833f99a2
16fa3ff0
d0e8a834
cb24626f
3627dba2
4a5c3cc5
7ee6f396
73dc22c1
183b5437
5017dd46
277d763b
65e32a51
0dcffeec
ef26823c
039e9840
44f623ea
f73f8584
9cf06f96
f1143b44
8adb6248
86d285cf
feb045e0
ffb6214d
a2d8145e
f4913721
d4e11f9a
3231cda3
f35f041a
ea647c12
d5a47c4d
0e13bf0b
4860e6c8
f4bcf1d3
417ab221
184e9f26
d2ad4947
376992a5
ea319489
2c17163f
13a91c22
572a57ce
103b97eb
5c1d345d
1cba1e8f
15873180
e8b8634b
057adb27
51ab903c
77a9e716
f782a59b
790f5d4f
09e3d0b1
1bff17be
68ff8482
f5668050
3a0ddfd6
a77b63d6
d35e80ac
5c4dc8e4
4bce03b3
ed4dcb30
c18aa68e
d281ebd7
931b24df
3b95f02e
d7d50047
8aa4ef5c
4eff7109
2681979d
dc5e8f86
4440a99c
dc29b5f4
d4136e89
104e517d
48ce93db
d08f1b30
fe034a70
2b153a81
32b64c9a
069291ce
c64b0eb6
adf2bfd3
bea0620b
b9427afa
2be7cd64
77648b56
d19e46d7
50e4c983
288fe11e
cb3fb7e4
d7dd4acd
cfd3369d
10f63174
2f02bf90
f609fbd7
79f9f919
33949400
e64a7c62
a65d2bc5
1d41c164
cdb24d12
53bee283
f6ef0bd5
8cf13515
9b015773
17b535bd
92798c5f
374fedb0
ac192dc7
9be48a87
ab16617f
784f0413
893ea28b
4b50659a
9ddfc6ab
049db347
62396695
df35811c
f1282819
4e4d569e
8844411e
6ea67d31
32bd42de
3373fcb6
9537e370
5c64dc49
cb68b989
71783244
c2fe720d
922ea064
d16cd774
9dffaaec
ae4524ed
0e835ddd
c98935f0
d8c0f566
e5b8a89b
461c3045
77da55ad
d4aee51c
6bb53c73
bdb1f835
fdb0bc87
585114c2
6933bb06
6e2cf348
c232fd4d
bbc86163
5b61d4ad
1ddf149a
190007be
499bceae
98ed2fd0
220fd23e
f9f1ae8a
a3d76cd3
fc053b49
1445a339
641277c0
e6656460
7347a8be
fa375602
d7541ac6
00580193
630d5975
4d78249d
c5b95214
b5983f9d
a1bee0ba
086e6518
d1dbbbc2
97fea1b8
9139dac1
22e88348
c61a506b
c39c2573
ddbd229b
c7ac46e3
22fb6f36
b4ee8bd1
dffda57c
e63532d6
c9da1bcc
f17574a1
66039287
9a3a2469
1ba6e63f
2b3a3221
c3906082
47fadb0f
9eeaa85c
778fc9c5
2fa6de48
fee11bfd
77d7c56b
854fadf3
7fafc1f5
6fcb52a8
50edf573
ad9f90fd
d9cc5d1d
8283050c
683829c4
5304c96f
78845a00
f7131ad5
215b021a
05d11ac1
40961592
b88e837e
97fc9618
54433472
08499044
22644dfb
307e53c2
6ed4fcf1
0366e8a4
b84a0324
6702247e
d1ae6752
5fd13192
030037c4
7eb0aaba
195e4dd9
056e58a1
105ecdb2
2f64820f
57c55c27
bf04ccec
04bc50a4
deaf291b
bd2569cc
ab78196b
ca8b0dc7
78ab8d81
b33f304a
d4e00502
573ca2fc
762bbbfc
f6637e1a
63ba6c9a
64e3d049
1e9e445f
727179f4
27503300
04d25b21
612292c3
74308be7
f30e75a0
cb370770
c0862c8c
382b1849
43c0bd98
6d30a1fd
d7d94b3e
8a78ddff
3aa3e883
75dfac9b
e9fc3bc3
1d7505cb
7a3bd202
01706494
03ccb074
bab23680
ee27888a
98fcc0b0
cbbf2575
ddd75221
6bd82153
04bee14e
0fba94f4
5b0e8d43
27a66f5f
e83ebd5f
da90c32f
9cceb8e7
344d83cf
36850fbd
974b1c04
f165a9be
a465cd4b
c36af0b2
680a5726
40b60796
f12fb45a
f666f591
96b18e83
1ef23eda
a1a00951
0f3f56d9
1b08d082
b3409c5b
1e0540a8
227c82f4
38998fb1
e542d5ba
eeb544ee
fc472b45
20d43238
2920d199
d8a82e55
591178f4
6832197c
0995c973
23fc8bc5
feb3318b
0ea99a94
e3e5bcb5
5992fb5a
7af7fc60
c9ef9a30
c9b526d9
c5005086
52353fed
8e651d60
09c530d0
88ac2a67
7fdfff3f
a0979f5e
87ff3d74
6e7dcf51
878bcf9c
01fe2516
3721f3d8
68714f14
1fcf2f70
79de87a1
f3bb0eb2
18527d04
0b92495d
5c810d86
41da23a0
de83f140
cbce624c
4ea2b9eb
f3ad3ab0
4ed59826
b935d2c6
b0d7f6f2
15806c11
909ecde0
0ed45c0f
0bf485b5
6c23d61d
2ce1bea6
f1f1ab2f
9493ae77
72994b85
dd095649
51a66f05
f8f202a8
fd9e6f5b
dfebdd3d
57363434
d70c52ee
41735ba5
559eb60e
a2aabb81
430ab284
7501e097
30059d9c
a72ce8cd
b69b6f5b
cdaa77bc
a0e1c034
c912ae67
83d539ca
fae8c9e2
bd64697a
5ad25cf4
6d6ff29b
501d95c2
3d900891
38ba186d
bbb3a18c
51f5bcfc
93decdc3
26d26349
e881765d
8ffb7899
b541dd5d
e25a2e37
3bd7ef8f
84bb9854
94cb9722
8be035c8
2334164e
e8240161
1e413bdd
31d0c74e
2ba1c5b7
96e12870
65117aa7
b6319cb2
0434db33
1b2adc7a
c70ffe2e
d4bfc365
945e716f
6c963046
7de9c3b3
ba14e0cb
41cd1816
deb35741
a4a00add
37dacded
c28673a8
0e9f32db
83093c27
e01a81d9
2e1994a0
2f86bc80
9bc680e8
28c06ac7
349984f3
19cf93f5
8538f505
53fbb58c
2544beb8
f232c5f2
25687421
b11df8fb
d09e16f5
8a916200
50f3ae8b
61ab83cb
eb9c38e8
317de3e1
012654d1
92d4a4de
b76bce50
d4496a6d
7d8f2ef7
dd8aad71
6a8e25a8
c12e43cb
73f4a9ff
152321fc
873d56e7
5ca8ad90
25a5f7e4
497b0593
6f8fcd9c
f64830b0
ac6c2736
0643f280
4ef31a9e
244f76d4
9a978489
74a5aa66
b32705e2
e9297d48
c1ec72a8
d47d189f
a4b1167c
8a98e115
e3b46cae
59559f80
d262b166
8628587e
28c33fac
5c840b8d
02d4c026
f15aec13
9033e6b9
3c9ae7eb
b5ae53de
708545a7
e350b41b
cc795877
b8df986e
ce4b61a3
6f62085d
adba7ad5
32c8f94b
dea0e12f
77a52182
2ebfd810
df1f8bb9
8922f628
d8f63d92
8788e7ba
2cbc79d1
1ba8ae21
682cb47a
df7de134
0646ff06
16e29538
10c28716
8791f1d0
1936dd14
0d2e5fae
08793941
e624ea0a
11d00e4b
ff11f55f
9c1ff6c8
c4d037cf
be262171
5056f341
785935fa
a5999ca8
a1aeaf4a
64c92c72
d3fad041
91c7f724
d57bf05a
49763398
c8dd32ab
cf0e930b
9a4e0dd0
654670e3
1a84dd08
514bc107
7401015a
dfb20b70
5cdc5547
27bcdf5c
90ecefd5
f4503cc1
7ece6028
b4cc0514
3a7936f0
1e815129
00bac5e9
08071ca7
e992c1ad
f8caf66b
b9b09aa3
0f4eeecc
cd9e0dad
2007b649
fb1356af
fb36fa9c
76f1b71d
e93d64d0
58d2ff42
85510d64
fa46052c
73a780c8
ef615f32
9b1e60e5
565f1d04
277389a6
75dae316
6f6d49b6
0562caaa
c46490ed
9321e009
05d6b862
2b0dd5d2
f4deeecb
52116709
d2a32b63
5cd95bf4
f995b8bd
4adf0ae3
e390d343
322f437e
33315ba4
82a02c39
61a829e4
7e927fa7
a5743bca
90234ef9
58ca834b
4253f8bd
270daa97
e34d5872
883ca47a
9c8bdfa0
e8077975
ca6a8389
24dc0d35
8b24ad2c
8d6d9776
89746926
e4cdd6dc
1c7a881e
3ae6032a
894ba4f6
9a4319cb
252db292
430ff352
deda80f4
2e9da32b
1c2a99bb
579d5736
14a9c317
bd9dd1ca
cbd5f8f4
12b04679
b2fe4823
4ca4bdc5
d61d32ef
6e0cdbf6
78ec6721
0b2e968b
3727546d
1c65bb4b
d2eb39f3
c6b7fba2
bc2e935a
99d9ab80
5217429d
c33977e9
7f3934e7
2e5b53ad
db83b76b
4e3ea548
dffc3943
fd163880
bbd1b214
3854413e
c5bb1b89
4c8bda4a
b13af74e
813fd686
041e4cf6
b69be23f
ba21dda4
af6bfad8
bc733829
89e8c515
eba5ec70
e962a1d5
fb90d0b2
aa35ddff
778173d4
234a8425
f9be143a
93e31ce4
13f23f9d
e6bb590c
06bfe7c8
3e73a3bf
0b381642
57ea365d
d7a0c9c5
9a650006
8755129b
8f85c22d
bccd2fef
de102439
b0faca61
f7572033
54735c14
94a20e52
655a1aec
7db698fc
e0048e9c
fc6e5fa1
432eaa40
9ab209ba
c54ff0a7
b885c1ab
72177de9
9c566240
80492457
cbe96fd2
7156779b
3bfd33e2
2b92e2b8
1c54c786
5faeaa28
706e553f
cabb7f2d
1836477b
c392cb46
094c172e
40a6c85e
91de0b26
f21f4d56
387281a5
0a296bcf
bebea227
54c7fb90
d865301c
495a471f
d6dcfcea
b83abdc4
5428fadc
d33bc4d0
bd76b209
7d7d8ded
57bafc6a
a0916efe
26fc8a0d
f18a9e26
0a320843
e65c8781
451224cd
de1932fb
ed31725e
2fc7107c
f6572fe1
58a99451
0d5c1d24
41cea870
dfd4a7cb
bcb39795
8e0e5f09
b4ecb432
b08c56bc
ffa909d9
6a6ddcec
32a1ad81
adfbeeee
db4f5bfe
49f7139c
e7ebc6b2
99483bd0
8be962e7
7ce425f2
c72627a1
1863ec47
8ca6afda
50e3ae60
66001a2c
c31fa79f
02dda586
a20cdba8
9978ebf3
2d42a6dd
bad5ec2d
7a837a85
4336a0a2
fb7f6f31
7855d649
46e99987
b3d86521
c12d12cd
6a06022b
8644a9d1
8bc3892b
e2758761
675812a9
5ce37265
19c6f9c6
8ae3a1bd
8fe217a5
abc63a0f
eeeb9f52
f687f2ea
55eae44c
fdef8678
f2e2e2eb
1075f583
bd6af3b8
9bf41ba2
a04f92a0
5d18cd50
f417ee90
3868d28b
c1d18a42
e9b1b042
addc66b4
8deb7fb8
24e0482a
c03b924e
c8f5fc53
386c4c20
c3e905b5
ed821780
0f728def
bdb25d31
073257d1
1057c0b7
405c5dd8
6f03ea1d
06c8b357
482156a1
8d77254e
f2688008
eec334d6
04ba4794
2fb6189a
810a93da
2645eecf
1f573c25
c549c26b
a43e576f
5dc6243a
7259bcb0
237d340e
3a5789aa
d4f7bccb
dd55e6a7
1d6d6d8a
503c8324
450a248b
1086aab7
24931ebd
f0f9570e
e732f994
4486196a
712ec528
cf3ee9b9
c3f5b55f
39ba01ab
d747ee91
3a6f340c
3adcf2f3
4b03d484
e9741126
ffa495a5
46a3ac92
3c5617c0
904570ce
91dbde6c
ef29ba3a
cf6849ec
a918e68f
e03b1645
4e2263e9
57a55c69
1fbe9855
9c72a892
1f0a06e8
992c2483
621a3559
1b1395b8
b02d072a
cd960a23
6f94b202
213a4519
52a153e0
880f6e7c
dff0d226
b42f905d
48391d05
e4b9fd4b
e9124d36
6d91b420
06d597f8
52092006
2076256b
f52b800e
2c3e3004
85e1705d
daa72e48
e91cdf97
9f03be56
d68f1b02
2ab8217f
a40d4a42
08b958d8
9b1ba549
88c16f81
1467d3c6
8a83a655
4087bf26
43263170
80b76132
463f3137
accf498e
f7bea640
e7b0e74f
6aaf7e76
f09aa784
809ffc9b
e6130a2b
6bfc07d5
80431513
0d654b7d
571e1438
d3af2e9d
baa15ea1
68e8479d
8a99d882
0c0d3084
bcd5a0c7
0169799b
ed0d436d
2d09d7b8
4ea50cfb
7daab254
3195bc47
6d316a61
5903f545
a604e8e4
89dfa9b3
007c3d60
0762e281
edcfe472
8d958a55
45307c66
076f322e
a0563323
a186e94a
3f401513
222fbd81
c79c1b03
57b2a400
eef3a1e0
9d08b843
96e72c79
00f4bec9
0ca45ff5
b620f536
043fa641
123c59da
6b9ca23f
35d578d0
8efdbb4c
00225fb2
77e9d243
b5470d77
d96b1de6
a75cfd46
d2b77fe6
acbea2a5
44d1b612
837959fc
740486fd
e379bd34
88b618da
99c6dbbf
021d0206
59868931
337ebca6
49908a28
380e03be
96d2b016
8210d8b6
33e3c41b
e99cde9c
b4266154
caf30ec8
64595cfd
5ed8102a
4d3f7aed
9ff0c3f5
7ef5eda4
d45e423d
6e8e299d
7262851e
246fdbfe
e79c5dc8
3da61402
724c28b2
d134a868
ec829f7e
bb38bb58
e471cbcf
28844618
d2a29ab1
427afbff
d7e7f9f0
2fe16272
b5a66788
33f10343
fe1416f3
932129a4
dfb29341
fd628fc4
541a4baa
f36ba60b
092d8dba
b970e7e3
1fb20a06
33e2434c
394b9e0f
6308c77d
76fe856e
16a64535
bb4822e1
94f59296
9ed7bd9e
e367e6e2
bef97c76
836d5cd4
ffbc29a9
87ea5011
775a57ac
71e80bf0
93e5d88d
71df9b69
f270e3bc
28455cc6
b51f714a
ef34b1f5
2f291d90
66815907
e92ca80b
89651d6b
bce7e6a5
16dc1f72
1433853f
473cf2fb
ea63b9f4
ecc35808
e291d58b
bebd275a
bd9db30e
df2865d3
29af5aa1
ad32d615
6b116ed2
393b2c56
9af13954
e8808804
58e9755a
b099d01d
53ac89ac
f32003db
5dc3518c
2cd1dea5
3418bd52
1768cc83
9cac3ff7
49923fda
e6c79d9b
e19bf97f
83fa62bb
1697081e
e4861293
ea0560b0
ff280128
d336fe1f
cace51f7
3ed13109
2c51252e
06528b35
b30bb555
8f5eb99a
c79e0ca3
37222eab
6e0a7f80
b26c09d4
d13070cb
132888d8
79f9aa26
bb711486
0388b885
70f2d439
ae9deb54
4d243516
010691b0
da001571
62dbb4b4
06ed2e8b
34267b93
291fea5f
f5049915
20fff24c
1132ddf7
aad0cb7c
0b3481b8
dc00db59
46a858c0
ebb5bcf4
e0ef9688
c16248c3
2a623580
3e4bff92
de2875a9
0538c725
28b964bd
7048d5b4
c07a5e49
ac085cbe
03749f29
c122f9dc
956f2541
a21036aa
43894d69
5f25e9a4
159b77ed
9ac37641
d7a5152d
39e1b318
d41af5c9
26459886
24a9c53f
0d6798c5
11ec6bd2
8cf9b530
5375ac34
08870fdd
7a684948
991c0df3
98bfa340
36d26ba1
f64a6e26
357f714e
4e85f35c
9cf49706
85001910
3c9c18c3
721bbd31
aa4917bf
4d7321c7
0bd9ca12
973a472b
37c16dc9
0b2e0d3c
2f6c8368
857ca77f
88f021a5
db99dc86
8e5ed947
b385dc36
fbbad678
1461250f
47294395
10d0ee62
7e568fa7
fd28177d
2e5521ed
ecc53401
3fc68eb1
3bb8be0d
a22e3083
d523043b
0ca91c32
5247a8ed
b5182ecc
734bdd88
4816b9f5
602ced0b
35388f07
9cbd9dfc
b9c43bf0
934c402d
c12a58bc
2aad1b31
abeffa11
b060ce77
aba0fb69
79ffdeb1
b76e5313
8ce69333
19b32610
cdec6817
c368bb4c
cc133f8e
fb20dce8
783c42f6
c3f9ff97
e68ee444
544286ba
0867aa4e
d2431072
254b1d73
40f955b3
c81ff091
54a8f414
5c4327d4
7d8cb533
5e51099d
67386e0e
58666d48
6f27ede5
423d9f16
1ad6a2cc
631beabb
2b1b0aab
6d5de98b
e71a0c20
db10ce97
73565075
3e024943
dc93f798
b6dd33a2
9fb433c3
dd4f30fe
418a62b5
985726d0
8b7af535
4aca7f45
caa58109
3c6d9203
01caf37b
8e5acf33
f8a3ab04
f4d27d51
eb925dc3
fcaf92a0
d1d7d81b
1fc1813a
0b9c0e60
6d661082
a27d439f
1b72d400
5807a611
177ec764
767a2c0a
e6440da8
9e2777dd
f64a057a
2ca9a1b6
bc3add02
2305b2d7
0e72f211
446e083b
7c42c009
b90f884e
5dfc0f27
7fcbe6c0
d029df9a
09a6713c
c9dac42f
acf7ae85
997a921a
996102bc
8cb735f2
33f332fe
ee3018fd
9de13c44
74d1d097
45ca66e7
a152d88c
49589bb6
6f148590
3ca850c0
9cb1d5ae
b0d6e3b9
37bdcdcb
3ae8ad47
b812d098
16462767
cce5fa8c
71a514d6
aa17e4bc
54134c0b
748af18f
7101a25c
cc234d5a
f317834a
6959293f
8e0a7919
e441c3af
333382bf
3fa9124a
fc6fa5a2
c11ef950
b122f27a
2d6e978b
6c042ebe
65beb9db
aa871bc7
46ce4aa2
f8e4dd54
1c293efd
2dc1531f
701c4085
dac7821f
0507fb33
e41caea1
6ab179cb
377fc0e4
c8a3dd70
db6b9196
d0bbedf1
2f4f1d6e
97f5eb97
44492055
5fa92511
51ac1633
a58d68df
9405af87
5adfc18b
fdc2dd83
e5b37b78
83b63671
dd6ed141
d28160af
ee0daf28
10967c6a
f9acffdc
85238226
fcaf1a19
7b9c5aca
268e67ba
820646f9
f74287e9
b78e4ca0
89f066cd
8e66c9bd
2cf536b3
d2aa877a
c71ddfc1
f6ca6dca
c0c08284
384cf977
f16f8e7f
55a32814
32c02d53
767a162e
c58639d5
8675f44b
7fdd8c3b
15c0fa7f
c234f2e6
04b38e98
5d6b6f4e
c139ad3d
c24d5f8f
0a7e9764
b6d6bca1
96b8440e
3cec89d5
079be60a
92374a06
af39e025
107f16f6
e0f213a2
a168ec9a
12137a66
73411f10
a118a667
8e983647
8bf4e993
d37ac12e
60393cf0
e282ee7b
50d02af7
15cd6911
a8168084
a70e9e14
4d8a2751
9dd4b162
6ad9ab54
2ccc3b37
7d0f0ab3
a3cbc3a2
3fb057a6
e67709ea
de64be4b
f369958e
c2cb7ac9
68e8af37
3f5aba96
839eba08
a70fcb3e
f3657569
537b6f99
c9ed85ab
a07e7afe
fc1a4c86
41a2b9ff
8a8eb82d
7db07cb4
20bcb59e
caa2a063
ad270222
c4f4073f
9a2a81f6
3643900a
8270624e
574d8197
a81ca0d5
fa8d3ad4
390bd560
b644e78a
adb7a4e5
fa047c6b
4f6a3ac6
218b79f9
b9219516
7c751c2f
d95c03b1
798b09f6
ff75f96e
10bbf507
8e6c89b2
8e752184
b4c627fc
09983760
b10882af
eaa59641
772e09ab
6ae3362e
9d341f7a
e004cca2
989be72e
6d246c41
40f8f779
333a967b
02e6ff01
6a6a6c41
35edf33f
d0195336
523ed3f7
3ad7ce5f
70ed29d1
731d5883
987243c6
e4c0217c
370f5c11
a1ecb5aa
bb308e02
cb8a42d6
2aff2e65
61aca5bb
4f1caf92
5dd209de
435c6fd1
018bcc2b
37851006
41530376
e2389f6e
01a1e7b9
fbba19e9
2a7e4730
59adc5dc
36590f59
90ef816d
33f2020e
00e61cad
e4ac2e8a
8eeea53f
1d517ade
b3e9656c
1977298c
bf5a501a
0aecee4d
28ef7944
663f0500
24057a7f
0b0ef070
c7e5061c
e2c0f547
2dc3786f
afb34388
2fb4232f
0233da21
7270b97d
7938a97a
a4dcdcdd
62c5bee1
35644236
8e3e9364
594851fd
a85ae675
ab3bb199
d21f7b48
aaae5b8f
dff54fb9
7a9b0a0d
b8fdcb4f
0f53cef8
191cb75b
ba167908
e877c510
aaf988e6
16e7f435
4190cda1
a26ffe39
008ed352
8a9d5896
8b38dc9f
5075b999
565b524a
df50b132
b6a9179c
72a21d22
1cc7a6de
4efb5cce
3c8f547c
d9983cb5
c218b727
dd9cc811
85d6b353
77f458bb
b0cf819e
b08c8124
cc7da1ba
6510f502
4c2f8d91
156611f6
6a28d24b
c73dbd97
3989a2a7
c1461a5d
23d9a536
4337add4
83658af0
aa87d9b8
a779fd64
4ea110e3
2ce53c55
b5eda1b5
cd90c1b5
b4dd2b30
50009d78
dedd9764
41f0adfd
73866db3
8119e2fa
6504fb3c
cbdb99b3
e2c9bf4c
85cba9c0
a0c47854
8430b405
50b6c8b8
fa860512
6327555f
c7219838
f156a5c0
15d90852
3bc203b4
6cfae1bb
edd7f201
17ba16c4
afb1158a
257cb64b
71bd39c4
b4c9db6b
469231e5
c5b0bef9
6816e65a
145ffab3
48f01a14
3eb4c166
0ec58354
621e2152
0601d2b9
b5bd0b4c
f5c83f8c
1cd66fcb
f243221e
5e05bc04
be954a9a
09696281
10a98013
73992bf9
e5fe368b
b0f2dd59
7207941b
d5802bea
548a8a1b
7e7bee61
8bacb7e7
52418368
f30e3354
cd4dfef0
7c639a4c
3aaeb5f0
56a4ae28
e740375d
3f5aed9b
8e482145
6046d38a
2ca4f9d6
38371ac5
08b008a9
3e9cf72f
51e8568e
047e8fcf
991f5618
cdc59cbc
5302e0c3
10e1a3e0
212a4a40
d2911f29
bf10e4b3
68a9f74f
ea730a5d
a36d352c
390956da
b634c6f9
9eeddc6f
bbdae65a
2d1cafe3
6a71b8a8
bb8a3062
099dd535
9fb9d56a
12dffd90
e0d0c9be
7cfb4367
22060132
8eeca933
7307244e
f6ef575f
d1276f82
d65a8d92
d08403b1
a9784612
d47b9a35
5c516d3a
bda010e6
440e43f2
f38331e7
618cb346
d62eb12a
b28f5cba
26d0b806
4a07fc76
d0d75c82
a098adf3
afff7e27
2b89fecd
cc52438d
f8fb76c9
7ba16879
bb3fff09
4b3e5492
46a81fde
a729eed5
5fba0e56
a4f56db7
c864e990
29a64cfc
e22c5b14
b329e89b
de60e667
8f1ded7a
fd7006bc
c9d43bcc
3381bd48
7a2130bc
814fae97
1e409334
41b3629f
d41b2672
645cd99f
de1d586d
597f71c5
407d02c9
2ba30ff0
79db71e8
7a5e5a28
34f4379c
46ec6aba
43f57e2b
94727041
323614a9
4719bbb6
2fdfefc1
65deb3f6
8a16d82c
9b4fc23c
87b93d70
0031ac0f
0a2876ff
5eaf377d
d4689742
6bdc1c69
af8479e2
69dbd385
84da7e8c
189965a8
f35c8165
b982419a
1f1e3233
2818117a
7ff2cc6e
50fd5020
cd5582d4
daf3aa94
caf5197e
d8cdb666
8db88ad2
73125ab2
e623f6c6
f9d4ccd8
5cf2ad7d
c61e7214
e1ce6817
30ba5373
d5e10644
4ab85722
e4bc6dbb
b1c229d7
d3150873
c3ce3b5b
3179f20b
89deb0d6
ea2e4fff
4c499208
56b5357d
ae45b80a
8c6e81d7
ee52ab1d
5823caa3
05f21a2a
d5fb76d8
cabb1085
420e4f5a
be7e6852
d79f19cd
7eec6ad9
7bf6c410
894ed8ed
c3945a3b
ed2d2a3b
534dca39
280ff101
d3ae380a
78de78a9
eb3a9bc0
6ec044bd
488ba18f
f4dbd48f
a678e7b9
19c79e9d
b2d4df7a
f899a6ff
09e1316f
952e13e1
5ba3e1b9
9e3fc3bc
47214c86
7621c7fe
be97d06e
3297eaff
63a5d6df
3ece3aa6
46881080
45f76e2d
05ee85d8
76b948f2
a9333b55
f1560354
a9255581
5b32d802
b3a85b08
4377b421
6e7437d7
bdc885c5
acce1516
6bc7af54
2c1a04b4
1c9ac3c5
20116bd2
69ed901b
533c6a4a
6c950f14
0402a76e
9f72f079
a70eb217
b41959bc
16c2e646
98e3e2fe
715a9d42
d2fd6327
c5afdd48
955966bd
fb4af4d7
dc0b14d0
82b5d315
4a577d6e
c6f75453
dad5c193
99c50535
44c5cad1
4cee0ccf
4840bbfe
6fd06fb4
56b80851
38dd3fc6
d686f48f
d29206f2
9cdf37ba
7fb48fa5
67342284
93d37b5b
187fd3b8
eed1f046
5532ab65
47989a01
99c849ba
46664532
f1c15af9
11c3dc8a
8804dbf8
c9ab9788
01129335
afa21728
7cd6af67
5e44246b
b8744813
ff45f118
8e49b994
84acdc60
f841c5b1
9253722e
1924485b
eafa0348
d21f0bda
22e82e6f
b59e3c6a
63978a96
805049ab
ad3a99ed
945af578
c258cf08
bde4b550
7ee6006a
dbaa8a74
ad3c31ff
6a2e6a9e
b43bf9d4
22585b88
8aec277a
3aaa583a
4b3db0b4
7b20928b
81903d23
b8b75f07
eb82e99b
64a51001
addca04b
942255a5
74cfa881
6d9cc605
1f325e65
0b7defb5
67e2c8a8
f099ca89
8ba98975
590f696f
2445f05e
a7edf2ac
ea1667f1
dd0499b8
192a29d9
6b1ce659
66eba914
b92b06f1
86c3e46c
970ecb69
f749328c
88d58cbe
7c0cd699
174cd90f
433161f7
313fe05a
c875b270
faa600a4
fa3cc99a
c33c263e
84df0533
de766a6b
13a8575d
7bf0f549
6c0b73b6
4c46a0af
d5079421
25196ebd
8b87f30f
bfe7e232
54f4df5f
41b0e4cc
5c27017d
fdf3d525
852648e2
85b017d9
6676d772
c73c7eed
223f307a
b47687f8
2187f73b
ddd8714b
acfaf60a
48d0acc4
6d84b7a1
fcb07713
1191aff2
de48fb26
e5845e52
282509fb
37552502
150cffc8
dbf4cec1
5963308f
d7260507
9db24357
4accb19c
103e41de
9eda82ef
a45007bf
d28d4dff
5c3dd755
6b96aa2d
c643bfbc
e787d176
e35d753a
4e4c62c7
844de70f
0afb20dc
73c0be9f
f90e3113
9355c5c2
abf73b94
15e15e56
ac375e87
b3f7ffa3
9d7fc284
40d90eff
0de7b98d
005d86da
1b06ac1a
a2c26660
c4781d1c
0a9be07d
42b449c2
4d8b3908
ad85a9e1
1d75c25a
6cb53277
8ed6b87b
0701c868
8863575c
58a7cce6
bf884931
ccffb85e
6ea2f13f
4c59a729
ff98fa5b
9699d349
f3401d4f
27638a47
8d0b5d75
e1879fda
94241add
fa730aca
778efb5d
8772b102
cd3842ba
11a70385
9b6705d3
57b9cca1
68fa65cb
cb7c85f6
b28d33ac
d162c5f9
e35530c7
0c815abe
6d654bb4
6f54a412
676b622b
b6f08dbd
bb67362f
065289f9
5835dc91
97d4bb5a
0e519bdd
78c3d10a
1b8e66a2
e283805d
c7fa60ae
cd9fd30d
fe0b9869
9a30d74e
213fd067
1e8d0467
f184ab92
0a993caa
a60b4811
0afd8d6c
5b29fab1
ad37a279
57700dd8
4bc0b14a
def9e570
818b6f8d
3e3caf41
6113d4d5
1a088bfa
05971837
717f659b
d5d18f57
b65a9c7b
ddca2e44
2a445d92
df9107bc
157f9611
60a1349f
e3cb8d0f
1742fd60
0874986e
bd4e7018
9c8bc99a
d46d9624
d7456284
f0714449
c9948c21
559cbf55
3025b0c5
8d47073b
c9f10df7
6494141f
65f2a2b1
3b083378
b5bd32be
4e108ddb
1cc7b09a
4261f4ea
65a5adef
573f893b
99680ff9
abad682a
eb27a301
15e140e2
3d09a23b
2a7d4218
36f8e5de
e0554652
2341672d
7e2a0bae
80a117ff
fe98961a
388044fe
358cf23b
733ba78d
def67925
748e4619
20a4caa0
2f12dc97
a7769590
03f3f1ad
76ab8017
5e3bb801
b111271b
9b1a31bb
16a8acd8
d55b7871
a21aa771
a2910e76
2f49417b
c8e7d3c0
8f190be7
63a74ec0
c545cb87
38dc823e
aa53fdf1
3cd9bbb6
c9139024
5ee289cd
e4b6a134
aaadcb66
ab3838d7
8ab5dae8
654858bc
dfc7d50b
5d5befce
7a7837da
a125b48a
1ebb51ff
8ccd8bc4
d127584e
4bca5ff7
4677ff18
654cbec0
9de2a16b
632cce7c
5af52034
58981915
9d06bade
8c4e470b
ec1d9815
29dc137f
9f41242e
520a1e5a
0aa36df7
18199c56
05d568a5
08f3fe6d
27650936
dc276625
0924ac6f
f4c12247
f600cae2
19db61a3
7958557e
298518f3
635128ab
064ff68c
aff96f88
bbba5b3f
8c368b95
9f1fe814
1060bf9e
54c09c26
e031df11
9b5dbacd
75f0df49
be2b6acf
9ded0c4a
295bbb6c
07475e9f
411c75e4
af7916cf
1cb4ea6b
1dc8c39e
8ef837a9
1d52199c
323717de
8cb1cfdb
c965ee19
e834766d
1604cd27
ccdf6505
0a3b4b73
5cc24b47
4412dd12
b91e97c8
1c224541
786801a9
14170254
b8fdf0af
b640dfd3
285d39ab
87f35ed4
5c67b7ae
d6c043b2
e718b0c1
7bd5e18e
a45cc72e
dc5064d8
811c3fb6
4493888a
5e5b7b30
2634ae9c
cfb8a513
269f8a26
19a589fd
b67c1c96
61161dd9
8e307d99
91bf327a
06e5c59a
976632cd
34ccb730
f97077fd
37c16c10
e1ab17a9
4850add7
7f4698d7
6d217111
a659036a
68ad68a8
1a6f54f0
0de8b188
ecb2aa26
ea4ba51e
a6752c2e
f49bff66
029d042d
7a4e5712
9f6c598e
235fefcf
dd4974bf
ccf94c9e
f6b3988a
20b9940b
cd96a8a9
f5fec23f
92a04e4a
963c398d
89a8ea22
09f825c7
f651a01a
efd2beba
c8915809
9f191fac
936edd9d
0718d5bd
1d007fed
62a660fa
38ac3a83
edc12754
6b627b32
58041065
cc8f94e2
08f026ec
053b301b
b4316919
7ef23daa
de0734eb
ce5f24eb
e1477c09
de88b697
f5bea035
38594d8e
792d1713
4998b7f6
92d1e831
4f51d2ab
7506fd2a
2a9f9675
25389f3e
e053a6d0
fe58fe9e
261a2ccc
bc52fbcf
f26e424f
c8d44c6f
424b56b6
2d7deaa5
cf838de8
9ac2da12
db541177
a0a6b197
9bc5c9f1
a0fb3740
4359e721
84d162a0
49d0f759
7499dad0
52f6ecfd
1c4fed96
84f28b9d
cf0ac45e
e7abcfcf
e37e899b
9fb81eb2
be548d34
8ed57b9b
54c70d4c
5621f2ab
2ee63df3
12f67886
80524624
bf261825
07071795
3438d6d5
6c91a611
a8203b36
d6502283
ff76a870
23473254
0aa3365f
d4bea020
98510546
f6cab37a
c00a3d0e
27dcbf86
fa0af020
170bb661
136ab3e5
3bd0fedc
92fbf779
bd98d1db
775e5860
4b48ee73
526bb95d
fbe2b204
4ebd5d65
014b164b
29046dab
4f4bd6b8
194e2cfd
eeaa82ab
7dc1ad56
e39a303a
2ad9d137
2b3468bf
721762d0
dd08be96
88d087cb
281dcdf4
de155dd5
11fb334f
84d5493a
e03b5bcd
03ec3bb8
b15e41c0
6cc11ab7
d30d5b03
268e93cb
1f6e4c94
30ad893c
cfbf2e74
603d3253
21e5b9e6
fc56138c
617cc5b8
6a80a3b1
63e5e21e
1ec6544b
acf29893
b22a3ee4
3189555b
605b092a
f693c4af
32cdf1a0
13f8c8b0
d94acbe2
4dccb46d
463876b6
6ed4d8c2
d086d53e
9acf60e9
d0173e21
b488f289
12a77bb6
d90b2bf1
6479bdb1
b385a1e9
53552fda
f60a1ab5
c0c322bc
94919067
5baa5f83
79e8262f
715bb361
bcae6648
86697e65
7ac94b5e
e32406f5
a88eac75
2be7175a
c92ae880
d6d289f3
ae06460b
be580674
715e1ae5
96a836dc
d3ea9752
65849282
5a19e4a0
6e154b5e
e0c7de36
e77965c1
4888c382
bfa9d6a0
c9c20c5f
48568cb7
bab418e1
8663318c
85ac2b30
9fed2995
5b72c65c
609d2f53
4ebe480d
693207fc
92f09924
1ea06b1e
3927bcce
364b6e18
5121c89d
2f8f52cd
020cf9c3
76082043
c25f466c
f384e401
89af0edc
390fd01f
7acb76fe
a28b541f
c755cf41
37a80817
2a45c187
f83a1d13
ce09042e
ea5df303
550faf6a
dba2da33
f58ac5ef
e50f87c3
7e62b6d7
89a04e4b
08994c2b
203280e3
e3a231f2
174a2bfc
905c4ee9
720e3c45
7688898a
806407f9
8ccee163
2c06abe4
f8cda5ba
bd98dacd
9ae54426
cc7de10b
562ece9d
e59cb94c
845661c3
416c2ffe
9ccdad65
b5f53849
41aa3913
88867193
45efdd3e
7d579668
c0db67e4
7c89ede8
7f2bea13
ff1963bb
749b2acd
aeb5ddbe
5420f622
9d8dd3f6
3d5c4dd8
236bf63a
812cf111
5a4aa5a4
a22eb22d
f727b72d
4ac7a398
e930c9de
923bfb7b
1afde07c
80a23b65
bca0606d
0ee9d06c
694515b4
5665a8be
ac7e5f3c
11482205
7258121a
2f2a1bc1
2d9f859a
52087573
618d8241
690fd436
01504649
54381e31
f26a1094
f101d2a9
18530f28
f3eb0146
ddbde285
9d875f66
7e145575
01e1b8c0
1afec3f1
9db0fb72
66cf5aff
c515b291
fe3a47af
4d9e3c5e
295daf75
3f53b964
7f761acb
90997183
131176e7
d9cb7b5b
c23dc9ee
a91916dd
ded4bc22
cc6eedae
7bfab466
daaff5c8
4ee25eb2
43cf062b
857f04ed
c25d6caa
36fa951a
200152a5
20442ac9
cd536c40
3c10c330
d663599b
88a88ba8
7b2359de
7c21eec3
094ba536
b3a025a3
bd5d313d
e976e499
3ef3ba8e
1eadddd6
17d5ab90
cd025a21
a78470b5
a745cd47
73e7d793
eb7fa806
b63c8cb0
f94c62cc
685a3df3
8cc0ae63
06ba30b7
3c6e2e41
cd62a188
5e139a3a
1d2a4706
c524ad90
8b472db0
e77a5bae
8c96a2cf
b3a322fc
cfe16387
16d7abb2
f47c271b
588aaacf
d0c5f98f
b9623e97
89fc3f40
267a3206
a0c023ec
1a203c0a
6d1521b7
9ba58b9a
ebbdb6fc
d3dde063
1403a3e2
e191c857
c9d44a40
4ea3c195
d3a2ffda
f1d7437a
df433cec
754bdc29
dd44e27e
69af80d5
e917b70c
ea9d4658
6035f78e
6554c77c
dfcd1516
3454ccb1
638df3bb
0cb7f4e3
0c7eb2e3
fe190c91
572cd8f6
80c64719
6f82fd1b
59400569
3a8420a6
935db69d
7ce79994
7a54ac63
0aa88863
34bc7c48
99b5c8d7
391a76be
dfb27cc3
e9f9a4d2
15469a9a
8b52009d
5bdc8912
a0ed167b
0a1f8fd1
1180a423
df808910
5166963c
6453349a
af86df8a
efdf2e21
161a00ef
e59442d5
6ab8881d
1c864684
b110a4e0
2d8a632d
7a26d6f1
ef9a78ef
1b7b4fd9
822c21cd
64fa6474
bbb06794
16d78982
7318ae21
94672adf
231869d5
57c2fcb2
f1b5affa
3d54fd1d
6ffc2405
50d7bc9d
77462f1f
0efa0d5f
cb745771
c4ea8981
3a6b0796
685e3328
1cb66431
88bd2804
0740420e
27b8a99f
69aded7c
83f02633
ad8af0e0
0eb8070e
6214aa95
aee61ea0
ded2f2bf
34b1433a
544a1593
02ac71a2
454f71d2
8fe02ddf
175788aa
35ad9aef
e5e470a3
f7398903
df17e1aa
3cb1ec75
0b7f2b73
7bb9221b
5fcf1da9
7af4e59f
0ca9e30e
4c555d15
71a38221
45546c68
af1feb5e
9da09b7b
5c4d2a9b
2d9e5414
2ce774a7
f1e3412a
b1cb0ebf
817256c0
9fa6ad87
172cb1dc
9461c807
276e960a
845f3df0
a15addc0
32e39614
2dbed9e8
cd114e1f
24d83323
2e64f6d3
b96dfe5d
9afc2a52
3ce1bec3
ce80bdc3
51bbce0d
41ae6c1d
df4d9892
8a6472f3
85fca24a
c9532188
ed827653
084b2aad
648d403e
ff7a955b
dabae006
6e29df5d
d4ad39ec
be97fbd9
5bcaecbb
450e7d65
c308cfac
d5617590
f9b03010
815da240
284e1550
5413080d
29c90d5b
a7338433
850dbf0c
49081790
3d30d2d2
3d8d019e
05a4f64a
aeed55e1
cf0d7fd5
254e60fd
b73fca6e
350d6c67
f35020f9
2c80bd36
9bd42dab
236eafca
cbe9d57c
a67da33e
7deb82f4
d0a2fccb
267b0a9a
57769bba
87cd3494
4b531ae9
a693dd3c
4f4ffd99
3ba112ad
ca1fb4d0
228bafd7
d2fd5c46
fa31a2b8
ef64ff1c
158faf8a
78d1f0c0
05475102
2e66bdb5
4cd65899
4cac97ff
fca420f3
c6f0e1d2
202a3f86
d175294e
4ad7c808
83dcfd82
a990e8fd
515dce28
fb52ae62
4e403768
539b6383
2a2538e3
cc78927b
84f13f03
2cb6e88a
3565fea9
0a629f0e
62d654b0
ea53e69c
272cae5f
3a5cdb7c
8498a86f
eced0f86
aa38cabc
32ea3280
d4acbd1c
308604bb
26c35fa5
6c25fa5f
01d26cc6
b099271e
fbb963dd
274cecbe
49022512
4bf806a7
8260fae4
e60e6013
084624b1
4a0c28b8
0d9e43a2
900ebde4
5f972f5a
326262a1
460554e7
1f20ad10
2eea09fd
ad7c859b
6634b1aa
66100b3c
2118908c
ef54b1ff
299785a7
b5705f81
16748479
06ae4367
21b6d8fb
edb4f4d1
91324297
685d640f
ec564f63
f43965a3
b127bef4
7f8c67fb
d7ec7efc
c6f46f96
1c2637ce
1aaee3ad
df4456de
3e9a126b
b2d7e54e
06dd2051
18cf0732
f7489b97
51fc5930
10586416
9c44aeb5
1700e415
ae6349ab
9dc943c3
3e3a4148
f3577080
227861df
cc5518bd
bb7dd1c5
5cfb47a8
88685fba
1cc600cb
67f5b954
7fe826f0
226169f7
eca426d5
d464c894
4dfdd760
24d9fe9f
645e1b36
e5584e94
f4a3e1db
a95e45cc
43e72893
c02ae087
b7ff1c00
bb7e42da
4c5a1323
4f7e2300
fca12003
c941da74
ea12aec9
258d85df
a13a9ff2
92accc61
4b9950fc
94734124
77f80d60
857a3452
28984c37
201d91e2
f6ba2b11
223b0f29
b36027c8
27dabf38
50184a80
0ab6d64d
66991e39
091c1fe0
a380c74e
4e25f2b4
ca8a0d59
bf23bf04
81a9db6a
5ce48710
f47e2719
a3847c2a
28ca3644
fc88e160
7d2e87db
fc3d30df
c81045cd
d983f4b0
93cbef50
cc373774
c8da32d3
81137e95
aa43c15e
d098b95e
4c873a9f
d97f43c2
74f85491
8a3fd9ef
945f1a3c
303da970
50bd5f39
a59bdcf0
85997ce9
80b27e03
a0c3917f
df40fd6b
3fb66d2d
092ecad6
46f9cac0
9cad3a5a
ab31910f
c171d722
2e8ae1fb
5fdee66d
b14a64cc
72284570
8b250886
91a5848d
c213eda0
136c5266
485b8865
cb8e7739
b8d692ac
a7c5655e
13bcf9cb
80f692fb
f082a837
c1650444
7f1dd9cd
4b34a958
e4529e82
88544570
86581d01
593e7f1a
52f3fc03
ea425935
641bd16d
d43efcac
280d6951
822dc472
42dcf454
cbdc5e25
1a3e05a7
0ca30830
7d1af084
41464f29
3bba28ef
2fb3e759
3aec0b08
a569760b
0a09512a
98f0eae9
94aee4f7
1bc8d022
cb030d78
72f8ae07
db6da1c7
936e2f6f
78b4ebdb
11e541a8
f1dc2528
e358d357
767135b2
38130090
2fd2fdb8
f495a0eb
f11d17dd
a36a812e
cbf94f46
cf6d17b9
2204406d
40552b9c
14b849c3
3049cc79
57b32da8
e39e27ee
a53046b0
2a0c9eae
2660c8ca
b5b4d3c9
7fcbe8f0
63a4c567
9e2662c5
71074aa3
320f9f3c
8772a527
b5626caa
ea526270
16beda40
b5714217
b7bbd587
8a37d874
96c557d5
0ad27b94
0698a3cf
593acc42
427f426e
7ea8da96
c125117b
8240b1e6
b9400ced
e8cd4c12
5442e3d4
390371ee
431d4a13
65f0e671
9dc43081
8db877b3
ad287746
38087c95
d0e44cd2
b95f37f0
5a44895d
361864c3
cb127a20
87aeb7d1
f582ff96
ff7cc908
f859f98d
e88c1492
1b4091a2
d50addc3
c0989e95
dbbeefc2
ce0bf18b
77ee6472
0a50e2e3
bf4b6b8b
0760bbbf
c7108cbd
ca1c9ffc
04828bf5
e345f7a5
907f08c7
5fcafc46
eb638418
1f68e6df
3f71ad7c
c367ce00
556258a8
c06e795c
b5ceaec1
fc4eb9e4
626f0cd0
428a565e
cba4888c
44f0afcc
abf54f07
985781af
a2a1348c
c187dfbf
cba40f4d
44fb9f05
13f3ec31
0d1ebc0b
fe87b4b9
d3fd1c45
07950efa
c3940b51
3332f572
528bba3c
a4180dba
e3f5a204
69fc72e9
f878741a
738d0e5d
94100922
6c0da74e
85af3c57
cdd1c527
df6ab1ca
b6a73756
7520bed0
ed690566
332da638
f0e0a467
0f666e5e
c7e9397c
3502feea
e8e123a5
7b26c9d6
b877f5c8
05f5041b
9823003a
99da00b2
9958f268
b00fc55a
eb1800bd
700a7cec
cc65c640
33f9e3c4
8eaddd2c
f8b8c28e
d7c56dc3
f5d45524
65a4630c
4967e582
bf5c4392
1878837b
db0bac4c
33a90375
b0fdefcc
60bceea8
1bad084b
5039c5c9
3771aa78
76f412d9
a71f320c
8a9af628
fdc11203
b2154ae3
89d1764a
2ed4356a
31b226e2
ca1705e6
d236b18e
af1260cd
18add5e1
3017091c
92c8f280
9faf58b0
5a6a6349
8d9032ce
5a929e3b
e650a631
76f97a37
cb5e6a38
a6d3c0fc
876d52f9
3cddb572
e2a45306
2ce13da3
549a0ba4
3e2e70c5
28c47a9d
c0f011ac
efec0552
933b9644
acd754c9
8a4f236d
6666255a
194cd95a
7ff9bf67
4dc75630
995a43b8
f540a3c0
84cc3289
d89e8bbd
99161822
a8bb9329
fb960c1e
db9d25e7
d629e7d6
ec8a358a
abb62233
ad153020
054f4d51
7336f32c
f7574d20
03619c62
a47bdcc5
531a9705
647a77a5
84a47f81
97c9a35e
4ea77a67
140303d1
d5d2938e
72a0d3bd
d318742e
921eb837
6c8a0c1c
59ca1555
924a7f05
92fd6385
8e9f5fd6
131453fa
6c861fe8
cfc33ffa
e77fde39
6bf4ee15
15824bce
29b13cff
d07f2b94
5dbab56f
5a82dbe3
7fc45851
71375d90
e125584f
f16002b0
6bc4def4
2e711414
8232503b
cea3a6df
2931225b
8ca97a89
227d9a7a
7e9e5699
4ae6fb75
80bd04df
47bcca3e
6edc4999
e8a9bd37
f6182a6c
1d2eae68
81dfedef
0af1a70f
881d9bb1
21817df4
ed3b5f0a
31b3be30
b14c9675
2fb9220c
218e5312
710889ff
30fd7e1b
78e94b85
b9142ab2
ee5fb0d0
692634ba
7d0d14c4
863b65d0
aeba9029
0112da17
e3ad3e0b
4c225ff3
8aefb626
ff131274
6d9eb982
e9e7654e
8ddcd1b4
240510be
c3f8fc10
91e8055e
a906cd8d
19c5fe23
8d7beffa
ca8c88bc
587e8a2b
b3541773
b9315adf
e5c71b10
a6a77cfc
0445048a
b77d499f
a2d130d7
6cd29720
ac566478
eea71d1b
5feb0e50
59406654
1391b2b3
91cc7913
2541d789
a5d913b6
eaa1257b
1ffdf5ad
468fff90
193da36b
a93aa7a9
25c3483c
b366576b
013fa1d7
e7b6df7e
5edb5ab5
b11e0638
fdce9b96
a84f6d47
69545061
c8a5b08d
ba55619d
86fe29ab
1b3566bd
bd614878
dce44fca
bd30d244
c06abfcb
47f08f53
29a5cd53
fc641f8e
ed4646cb
888ae3ba
3f061a77
f94d98b1
d0ca5659
f0e5d2b8
de394d6f
f8470494
355133e2
166e6825
6da2d226
58e38a14
8e38536c
88c65d2c
39067711
5ab9e660
6af7ed49
f58de740
06169531
84e5253b
788d4c34
084fc56d
a049c995
854b3d2b
8daedbeb
daf6a023
39d883b9
6482ce9c
e0c8f9d8
d4b6c4b4
2ace827d
da34b2c7
13e2ef3f
090e6ab1
9782897b
229bdd13
c93d7402
7dfce6c7
ad50ed9a
5063b58f
01d60ada
f8e9fc04
d44029f5
f815d5b7
82672cc0
cea546d1
6ccd9f46
9f0db733
77afa669
0b615730
986661a3
b7212292
f8b92b99
6ece0988
0459c39f
8e1599f2
1feccf86
ad7e6130
3eb29ceb
95e1e654
d5c5ea7b
a6fc13d2
a8a6707b
07707826
e2e2f6fd
eea189ad
96fdf2b2
1626537a
568505b4
02c8d423
808e0cc4
ccc2cae2
8339d51d
ce6a89f8
ecfb5410
4ef915d1
68122a68
40b98eaf
e07798e1
fd7e0ef2
5c34a96d
2c44f936
d3604d8a
291832be
7403e929
28c9925c
39f03b98
cfd44d5b
62108bb8
c2e15d8d
09304190
6adffd89
9d54e49a
f3f806db
676cea42
1688d28a
f02d6f76
87b07b01
45e0f064
0b4d4f9e
aee6dd07
0b956e2b
27302e83
efa08b8d
571df4cf
7582d016
21f8e440
6586cd6b
5a577df1
47639a89
91b2f677
e150c5e0
655745c5
01a291ce
9ccadf94
c9eeb81e
3cff661e
3d0c44e1
3cec0bee
51d82db0
e313bd4c
1d7237c2
74656909
95d0347f
bf53ac1b
bee6fafe
7fbb1fb1
58bb53b3
ed2ccc2a
e54a7bbb
7077ebe5
9bf4c333
b74f44a1
86605a77
9deeaff2
f03ec7b2
0f2278b6
8bdcf45f
58e67cd2
d3b27b99
fd9f8ad2
8f59be12
d79e4e31
a76ce1f6
69cca11b
45aa7023
eb689b4c
81cc2b0f
9f586cf3
f2325903
e4b7665c
d1f6f3c0
6a43d134
7046725d
7e226924
8c67e63a
fdabe802
708155c7
72ea512b
1d5fee16
435b383f
76dbb6e3
6a2e2792
bec51536
5262b733
7befc04c
d394984c
a44d3d90
b827bc0b
01f84366
89861706
6343109c
f9cb6bea
07d78362
00d27780
1d52a784
4389c770
10752899
c94a0152
d99517c5
0520d5e0
dacbced2
5a495116
43ad09ef
62747038
f485da57
413e9cbe
ec6faa72
64ef6162
e1208096
4b5da4f5
58d9bd09
e47e118f
a380c55b
bba29163
e1d4f8a9
2b0dd758
49e6bb1c
6faec077
0aa5b0cb
9a867ccc
61159766
45861c18
da420ed8
fbddf27f
cc304979
c0232947
5482ccff
49a5c86f
1cd89bd4
c2b1489a
1bee86f5
54a2d3c6
e5738587
f33f5f88
5d361c00
67733b7c
9ee036b5
8ad2400a
e5f82175
44685da9
a22faed0
ecfdce20
cc9ad5cc
eb6366f6
03bef531
18068bad
acfabf7d
f135c5b4
bf52c744
9b0e4a94
a4881857
8fae56be
4bba9529
07675e62
0c0cb8b9
ff8fee0c
b6723c17
48c0a3f2
c6bcdbf9
a8e364df
1a7d92fe
198e5fc9
df1b3a4a
0235fdce
139b1fa6
80b21d69
b31369c5
1b5f63df
7cd81692
a28ce3c3
e671184c
79ef6b5d
aa4b22a5
8b3fd629
96209619
2cc6e587
bc11be4e
f1819cfe
611f906b
98cfb20f
cd5ba984
cfd1635a
6a09752c
f1f23e4e
0b4c8156
c676151d
84ee304d
72f4925f
1ca9d30b
f9f04001
2cf04c28
92bd49ee
144c3407
5e30ef3d
d83bdaf3
276c40b9
c6331418
f6d46e3b
11a7e94c
12217d0a
6fbbacdf
aa461a2e
c7efc379
5d3e1d4e
5cb9c1c0
484f73e6
b40069d5
daaa2572
9fdd77ee
6731f117
3e132a44
0669af62
e79e7535
f925a043
3d6c31ce
8fdd787b
3b32b8c8
d8633da2
b795f469
5c5666f8
754ffeb5
4eca8ecf
54feeecb
58463fed
0bd33529
086db97e
66e34888
58925fda
d4709b03
c24af5bd
43cca8d7
718e67c2
3d09256a
a92dcef9
0bd1107a
16a2b361
20ddb564
9bc1702a
f0898b34
c6ba4154
d44fdce6
874278fe
f11a050f
96dea3d4
84bd6eff
6eb6972e
1991ed6c
d2e4d13b
3e36d788
558f9ff9
ed5cf164
2b071b7e
0679dc31
e531b48e
02678134
cd732780
6494de35
f39a9f3a
4d98e57b
62c49d90
1eade2a1
45caf0d1
6c4dff59
fb9974d5
eafd0858
61073474
eca49666
d0e27ea3
52dc902d
f73b0ee5
76ce68c3
1bba08c0
b18037bd
ad51eaf5
cc3c06e3
5a1db012
d100100a
d5ae0c3c
6075eb9f
b21f8d7c
c7c4f40b
41ccf662
f2882574
20c25cfd
a926a323
47e62949
4fd75d00
3ebebfcd
4d6f6d3e
c23c26dc
2ca8279f
ee14abe5
c52194c8
b7fb5b42
d4a1d7df
ed0702eb
ec64372a
5c94cd9e
bd975b84
d0c13cc0
fdca9f9b
878fdac7
307ff246
53dbc658
651e3e23
91f1454d
6fa537d0
cb8c8429
344e8e60
c5f2f6e5
6be9b5d5
ca36fad1
d1c11328
c8eac48d
e01d090e
5189988c
f87bdea6
d65d47ce
fc18d0f2
756db6c5
9190b486
b9e99755
76070db1
bda956b0
10871ed3
c319e429
92d75f79
fe115e71
7a1fb895
f63a1232
93749fe1
e8de098c
a6b08891
f2c11000
b08330c5
82fa84c6
12ea96c5
ffb8df33
c3450111
ac866d94
7b2c0b91
321c2e19
f732f45d
2058bba7
48d12565
3543f297
e4d569f8
9fc0f80e
b8bb7629
3d5e6197
605f880c
c79c73b3
761584fe
61444e78
e9cf883b
57ecba8d
165e6f47
5f0431cf
3207b4cf
e84f496c
1a3002ef
c2fc9459
479fdda0
6fde7a45
77e64115
3536e7dd
6227fc93
562b2c09
cff089e3
d264d78d
132a5a95
3bd45677
1d912993
667c4311
5477bc6d
bfd777a2
f43b634c
4968be30
203b5f4b
bdfb8afd
52e435dd
950f206c
8c4a6d79
8ddba79e
5bec7b66
87b1a9f1
3702ad1a
644a2a6a
977cf1cf
150809bd
9fb87fb1
1ed0099d
bdbd9d79
c861b7a9
8bdae233
fe779abb
e0bd0b15
44342118
c275ec7c
117b7676
c9e6ad52
361719b2
81152ed9
0b173540
2df4175f
0a4432a0
3cbad0c4
5cd68f67
18d5cf70
27850ece
06eb0081
aa45bad8
8171da8f
6d4b1f3a
18e13d3d
2d55db12
684a747c
39bceb05
e9da4718
6e7a5c45
63e4f921
dcaf6c33
8278f59d
c24f8f32
1cd7c367
9cb29dcc
ba3575ad
d21868f1
14676cfd
e54b178b
0c708ff4
a76a8129
a01c4d14
b22149b2
671247cf
897185de
6a71598e
8f95a661
7454469d
cd288cc4
ccfe8e9b
c74d19f3
34879a20
800add2f
66759483
1d8799b7
d895ce0b
9ed2e852
e3f14c7f
798ff3fa
286a7513
fab1066a
51c4754e
c1fab411
d4ac094d
5d735738
d5e39dc9
01979bba
7a7857a4
27e91207
2bad86b0
4be3ba02
2d99833b
3324d126
2bcb9831
ec582d63
0f7cc750
ec5c450d
57fe99e0
aed60b7b
2d321607
9c91db25
f59b7cd2
cb23ef4b
9bcacf7a
59dc84f6
fc0004c9
530b3334
9850f66c
28c09c56
0eb9c2ed
57ed9058
223a158a
22b358e7
da447162
2b9bec9b
9f0bf028
e97f5688
d5c06cd5
adcf40bb
aa8dc3a6
1521f5c6
8ba60574
111ce692
9e64b76a
0f5a1543
4aa2e8ef
d1bb8eb0
f1977efd
22271c17
10887008
18f99081
8ace165b
c41ab0cf
fbe56ef7
c552d376
0c3eba6a
a4ed9f34
3f1fbe06
d5ed8632
060e54cc
4bd33055
657f201e
f8f6c869
96f92d35
da4ff988
3deb2463
b0f209e1
f01c9c37
e80a6134
8b87058a
529d0739
2e7cd5e7
110947e7
3bb0d347
7689e418
ab37b1c9
ee032b65
7bf415e9
c60e13b9
abad7694
05c63877
a13ea937
00661495
4429268a
c35bb307
9872ea2b
7d6c4ec8
05c5a5d7
f98d4a21
a7c87e78
0477a228
7520ad29
f179d083
759ae77b
472756ca
063a09bd
e963bf04
5c3cdf79
2f84489f
38cef604
f0a45544
fb5484ae
91a21bc4
2b415e99
f52f6f5d
da555e7f
de0d5ff3
fbd8e923
8ad7df6b
87b78143
9c4cf43b
8dfa3117
531b1f0f
0b729e1c
bf96be9a
9a0c3f88
cca86b1b
4a796300
3b85058f
cd76131f
25ec11df
b3fd069b
1d7df37b
345b6ac9
f582fb66
3a1cdbd7
01df77e7
434dae3d
d89152f8
e5b34534
ca83a9a3
bdba9fb2
42c1dcbd
7c06a85d
cf69647e
9c53de73
8f5accf0
f9ba2706
c9c7b9e3
825c73ba
187994dc
af89e9de
b6c8a242
fa24b34d
960d8233
8247b45c
5f4b5589
836303ae
1d1bd564
7c4b0562
7f331e4f
591fa881
99239a5d
d078581c
f3f39a6d
71a95ca2
9e370d5e
f33911b2
43f62f75
27937724
25397604
54b5d598
e78cf58c
f761c1e5
978c8d81
a851f0e6
50d33e9a
64467356
988dcd92
c893abb2
5ce63f1a
5591121d
e98e0ddf
2d7facc1
c35ecaf4
042addaf
002fe036
064e89bf
676db474
e2639211
6e256513
b9e40ab7
07b4f13a
59e948ec
5db001a4
cf81895d
779c8c15
7ad88d8e
52ed563d
bd6a3184
d5069a3e
2f237fad
550ee6e4
c537396e
388fcacf
cf9adeaf
36cfd21d
ca5bf9ee
7122b69d
4da1e25d
71b975fd
870af061
53022a91
0ad90364
d53ee336
bd1b8bcd
bac3f93e
48f03b0c
98925c8c
54662fdb
9f8cdb65
6f3dd6ee
3d7a99d1
da9d4fca
a0954019
dfa4c55d
e03d7cc2
7a7335a0
331063e4
99938cf0
c25708c3
d8f12ff6
2b403044
15f2669a
a38a1c39
53449535
973a6483
e17fe430
afadd8d8
3c82aaaa
8e61b9d5
05938086
de04dd86
f7728383
216df530
c242d4b8
736cc793
e480fd10
67fb3575
cea35730
feebc8cb
18f0e04a
56cd9182
9022c874
1fc237b3
6490f75a
83c65d43
23f48a4f
2ae8c0d9
6666d468
ddb2495e
ec0539dd
f0d17f81
132d2f65
7643673b
be3c0c85
aa37e335
a624af41
6092a54b
07b10706
5ea17ec8
eb64c340
b2bffbda
1e62bc71
24083084
520f8612
45fab236
1ded187e
0bb08ab8
c2063c7f
80fc7438
e9225384
ca0eb3c1
40c6b467
8567d6fb
8f541be2
c675b309
16c586b9
08e9a4a7
cb5de854
c2522b9c
c010d9e6
97eee1b2
006a4aca
ada3c670
7a4f4dcb
b8593005
b3f00d9d
df02150e
2c22a98c
e47f3cf9
59c499e9
9e4c8be0
64358d0d
f69284d0
4455b02c
d9a09992
e66b8e85
95e76507
ec88205b
96b75840
b29bd216
c3588547
fa4c521b
ba3bc600
7f561f7e
a76ef3c5
1f813ae5
96266d53
77b5874f
222544fa
698dcf1e
3eeaf74d
835fea85
3a5c90f3
b0fadc3b
29b299ce
08946632
f1b17d75
e53f46f9
27399c47
c8b01c9f
73ac8f8c
5234b4c9
1fe4fff0
264b35e1
4415eee1
afcddf34
c4d76b83
0ce5ae62
365e5511
3926ae84
b5151e65
2173bc90
92a24e4c
acd37bec
a4ac73bf
0d81b086
134e8800
44ec90b2
04c4f2fe
aac843be
76733ce2
159b0ca7
e437f110
11a02ec2
11c7cea4
60d2859e
cdd964f2
a819b15f
d8cf6d85
f9107a68
f13b9754
7516f4bd
56445b49
8bc83874
dc6f8572
45eb79fc
606ac9f2
342ab6ed
3dbe0c71
9796748a
ced75258
1dd89973
45aa6e1e
47953f0d
c8c644b5
ee9d8845
85b8f1d4
33c0ee6e
46b80798
2e1dd990
4e511658
f4db3ca7
efe24217
a8e6bc52
ab4dab43
0e1d007a
0014fbfc
9ff33b29
b282036d
4f532920
7c5b7c5d
a8c7bf41
e7e710c8
e6bdd932
e4f91673
656bf4e3
b91dad99
e19d1ab8
f2ad0bcc
19c211df
a3833e6f
99a846fe
b187d713
fb414fd0
f3f78b54
7c31e760
965903e3
221aea24
97f964c4
e5bfa4b3
8622db8e
0b74d5da
8386c477
e73f4b50
eeb086d0
c5a37693
567c0b79
e8c65b3f
001775bf
9c719819
923313c5
852143de
316064ae
73953ad8
a0c8cb19
393b8642
3c5db91b
fa00fe8f
a05d29ad
41b957e5
553bcba7
fa9feae6
b2682e7e
c2a7e3e4
9be961a8
b5db55a3
6e26a211
5e2bbfa4
659c0d9c
eb9f7c48
a99aa469
42cde1a6
6acecc16
8776b94c
0784a0a2
f634aaad
a874d45e
b4d9c346
a043b72e
d2d764bc
74af17dc
72012629
73f44fe9
f2b14e7e
4b1a2a4d
8a1c2ca5
1ddbe484
1f5deb94
ff30cc6c
9e0b6561
ea12e458
d0228ab4
4e128c1f
5a5289bc
efbea00d
a5df6e6b
98d94a15
620c5ee2
c4380051
28cf014b
53b400da
ce82b6f6
653e6cb0
c6df6c3c
330cdf9d
eedeed85
01bffd4b
f81550af
ad8ac773
f785e35f
0160a68d
ee711e7c
1e733706
8a45315a
3130008d
fb8c0d26
81f66ffb
c4f6d5ed
ee75d1a5
38cfe8d8
c670db00
64cb2ead
be456327
f829c9e0
6029f5f4
1ac6c882
e933022b
bdd49076
bc95315e
08d6e92b
85f3bf10
3bb5c873
59b2bd65
758e2e4a
eac3ab86
110e0f28
68877adf
eec18243
88b54a8a
eb2e83e5
b0154441
96bf3e88
5ac12f8f
260dbba8
408ede7c
f5375e74
a06dd6ec
621dd6d4
1985ec19
8f2b9fc5
f992bb36
f0c8f753
291a2ce1
d2564829
3e82b501
05a28057
665ce78d
d84ba7b9
4b4d40b2
94acb978
fa35bbd9
22ddac93
632fc3de
cc9a0500
e7220b15
8b9aadc8
a7360c6e
cf8ae97d
292fa3b0
6a44fa2b
20a1f879
d654befd
35bf7f2a
5b54d444
c1370a0e
0ed879d3
76529fe1
77713fc6
19778f59
2a29c02b
a0c615a7
50d838ef
46c1fa48
11439b6f
2bb7f727
134cf1f3
f26a906e
f9a4ee8e
5978c1f6
e1309fcb
2d82df26
7a9be1dc
cd0f04a4
5d6dd1cf
7b37615d
b67b8d75
f6562457
bef9b662
db9c2a9e
67ef4856
530e6fb4
20814fbe
1d418fc8
bcdebf63
ec71b442
a7c0e5c4
c4eedf07
d83d3552
e9e46053
0a74b8cd
b27fd67b
8d129564
93434cb8
a9eb871b
bf1efbc0
efffeee7
b3905540
2c0344e7
550d1e9e
a586687f
a049ef00
be7d5b1c
3a715d41
77b143d4
990319d1
b1c014b7
2af2a272
e52a1fab
49371fd7
83cc7194
65d32e2a
cfd7513b
933bd6e3
a0fcf71b
09854e04
9622e2c6
7cca9500
1f1d46a2
a789c63a
deeb84f1
29b986cb
59179c04
bb6644d8
8726b621
9e496b7e
6888d41d
b43c107b
caa897e6
8ddfe5c7
094beff9
87dfcdc3
2875e96e
9227cf30
5d17f90b
acd98635
7360c43a
8e374cd1
37296352
d45b2266
d61fb593
f167b09a
2733031b
af30e0c9
8c8f9b7d
de4c6da7
b6558841
f9a98287
fe778158
48beccce
24bd8b36
1e7e37f6
edcd6708
850f1732
c1421776
3fe62946
b9695321
fefa330e
f6a39311
6017d1aa
d3263fda
d4c77337
f06ff21d
0d703de3
4d1ecbc8
e2337371
cb5606f8
9bbf1ca9
e5a60be3
6a08e629
3d52854b
d1870129
ddd97b32
68772d39
e197647f
0be13c06
54f1b8fc
f16e2557
b6425843
17769d73
b1b2953b
6a78b083
9f8074fc
5a474b9f
2bc5eb1d
8bf5752f
a108ed52
2f46e238
409d885e
5650728d
a31ff586
54af80d3
a1f1e868
16241490
cd16df00
942cafae
90a18e23
ba078c92
38ebb99b
0fdc2c02
f533973e
70ad6db0
09c57f01
0eb7fdaa
6913b9e4
c36a2ae4
2ca20dcc
15d42538
d1624114
231240e7
6f8f13d2
0fa4f51c
286fd48f
43580d9a
ab65683a
da2c395d
34486ea6
f957e7cb
cc2d86d2
cdaceb8f
8865ab6c
e96ed029
4ce245ef
2daa0e7b
fb2c7a55
ced75abd
2db224c4
fa0d78ac
157438eb
ed8675f0
1f3a987d
faf7f672
9e435ad4
ae7d79be
f1940bb4
39177991
2c420b59
1990cae3
f9f3ad8b
2b7c56b4
15050722
e8a9dec8
9b6c9475
ee7583c4
72e645ee
ecc540b6
ad973ede
b7ec4eeb
f2940c8b
eaee15d3
8c6d8ebf
eaee678e
4ed21217
0aeecc2a
a66395c3
c4041a04
65294b6b
3bb478c7
4a8a3a2f
c327e89a
13b7b172
d14d28cc
cc6b44a0
0f073983
f27af2b9
898bc602
57a6e67e
b0d2f337
8d7c6a60
2f404f7a
4476a0fd
92e628d3
4ad7d542
432667f7
63aef93e
b6c7127f
d7a70f14
7ffb1f89
5ed8c384
34f5cbd5
254d6b9e
8e5b12ce
8a776ce0
f1a88957
0bd5b8ae
6834b82f
4bf3196a
9cbe9cdd
c5106d1c
b62090b7
d015a7ab
29dbefa5
7f84219c
d398f4be
3d2ddbb5
8f09ab5b
949563d3
c31f9358
62fde259
69e8b3c5
ee175618
01b0856f
1912633e
9529d926
aa1c23bb
4113eec4
c652921d
f55ef7fb
46a90f29
7f4dd95e
36f48e68
b057d2ee
b4042f33
adacb442
3b11e56a
fc914422
5b13d8f0
0f364bf0
3a6c3ce6
f95649dd
a2162fc6
1e075ecb
870afd81
cc752a7a
5dc0e263
53cf72c2
827269ea
ceaac709
bb541369
ed3dcbc0
e3026b7e
f40ed253
d6a72be2
1ac48ed2
3f151b38
373237b4
ef5a575a
6f88b562
612809e2
55bbdf3f
3cabc263
1c76805c
5ca1fbf7
70bcb556
5bf28273
62bc270e
20d026c8
65a57cc7
94c639ba
946e0224
a43a7c93
8c7c0b32
7e0a2cb3
df4eed44
8ebcc17e
0cbd088a
a0098f84
d9af05e0
d95ecc7e
009b3772
6d6ebd6a
9b14a16a
eb8f929d
cf2c2ec8
fe44e8a1
81a53d39
c1b2534b
ecfd83b7
b3b1cc62
317e5708
72770643
d81eb744
32363142
b2c1fa01
195bb890
3224a9cb
dc7cee11
f49a1068
9d3c8972
da16ca76
adad7e9b
b06b1559
065d5ad6
4a372159
bd70008a
07283cba
19ec24ba
571735ae
8afc78eb
5c5ec4cf
545a4c79
e8259b51
3d29e777
c1778fb0
90b524ab
294faa34
e83489b9
8895e6b8
961c5fc4
adb4b61b
fffffe61
f105b56c
81b506b4
fb159be2
5615cbec
7d72aa68
94473d16
fddc38e2
3c063d5c
de4dc7fe
00ccb897
3799c025
d800adc0
fbe3f3fc
ab92dd83
ee377000
3908b7c1
86a03634
86a8ef0e
c56bd90b
285d4fc7
dfe85bf6
6c09f6fd
ba669cde
b38f734b
eef0a901
ca7c5e33
7efaea22
c5f7d4f5
c1e01139
d7a1cc27
ffd17e9a
acfef956
bcfde2f2
1cb362a5
8a9f5ab7
8553c773
879a7f20
411d50ea
e62b65a8
b523940e
0bd8c270
8776ba36
a8621dab
551d2cfc
522fed3e
2f504d36
d1795b34
069c48a3
8dffcb07
b55d0fe1
4e5625f1
c718a235
253f538c
4d057d3f
d8ff9e71
86e8b022
f8ace74e
25121a84
40b7697a
df9b4f0b
cbafe2b8
202d4ef1
c4c89043
ca83c6a5
2648abac
81557a14
d4fc4064
b53b0f99
ff53c12f
4d05a805
f5b7ed25
2f9d2464
09447a47
082ec85c
9f00e70f
1823b9db
cb04a293
3f2888a6
c778c211
9d3fdb3c
8decbc76
a79bd4dc
d6f4bbfc
2933f095
6fcc1d6a
86f929e0
5fd0a1d4
e2b0cc7d
92654495
f0056675
b525b41f
cce112bb
25f79cd3
5e7a2520
ed07d954
2c9a75f3
4ea441aa
55fb2af6
1c61868a
f6530a52
e9f732d1
439d3946
32f2761c
71134b27
8e5a7efd
d0cadbea
8eeba2c8
bc9e9d26
21421ac6
691197bb
6aaab8cf
7fc8d608
8f8d71ad
d72ea0af
0deb8908
cb868f86
bbcafa64
ba883a4c
34cd3f20
24c93421
af5bebf4
74ce3694
2faafd76
04eeafad
8bcf4a4b
79b4e917
2f7c86c5
01d61dd2
436b4a09
ec0ab02c
6fc2fa82
f90fdd0f
a4b6d515
8b86f682
d5f07ffb
0fe581d8
19baab1b
d5f6513d
9e6580d5
e19c9fd6
5fd49268
5e98fc12
41f8ee6c
af601100
6d2839cc
73083a18
9e2bad7f
e02ec87f
c18006ff
ceb2c5dd
48bf4448
ba9dec1a
06407925
f1238735
4b870189
ff938a50
ededc923
29f4bcf9
f214eb4c
1a4a1a6c
db1cf886
384d15c1
1f7147a2
8fddb99d
61beadee
3a209e95
0a2949bb
2af105c3
b57a9c09
e8e268d2
c3a8e21d
abfd0dd2
a7943ab0
9f65aa64
caafa762
ca37db4b
3c56343d
5593828c
6fdf8a1a
4ea676e6
e04f9c04
705f0098
a530884a
70940734
ad204a78
2638ead1
93354775
1982b441
ff8f9d44
cb2b8f5f
e62a1817
da07b3d4
4304e7fa
ef172c46
abd655c3
329c668b
b6ae01fa
613328b2
0e8c6335
7d89dbcb
5326ebd0
6ec86eb2
cbf5eeea
17db253b
5fc4106e
e2514090
e618db72
3286c90f
efbe9904
9c5457d9
7d9bb059
92caaca2
939c5408
a4a4d031
745d706d
346e1566
eaf49cf4
a9822fbe
f02648b1
65c7c20a
22110310
b05ce491
00492b69
d5e82257
56ea321f
5e0433ea
86c27648
346dcbaf
723bb647
6eb90361
14228b4f
2dc9b45d
085279e1
ab89963e
e0fdfa6e
53a2bb70
b75e2b46
853a41a9
2fcda05b
2fd2479a
5b350342
24022f40
80bcd012
75e58b10
9241845f
189bfd81
0a46cc47
b2334805
fb7cc9a9
c6775e9b
97986301
a48105bb
6f0792cc
e05b9682
4d0831e6
03b43519
bff66700
2556db89
5f40d604
0099343e
a6ec0b32
6d3fa9f4
9d88ae3a
d188f1d3
a6765ed2
d2d183e7
fa86b765
09b9cd07
b817a68f
d28b5fdc
f45497d3
8e5f0ea3
10712119
f1642557
46b3610d
2ff0e23f
6cf1b0b4
f1833f02
8503db25
b31c5cfc
8b4364af
f7fe86ab
051a8945
d470222b
da594cfe
ec13602b
4f714f50
fd48df13
738ae642
c5f0007d
92aa7638
6b88b273
88912d86
be314e59
995f1421
5546cf0d
62c607dd
688c701c
3751281f
df68035a
b24ade2d
6fc94d16
2d29159b
e25bd1df
5d2f379c
05ab2a07
95c7c1e6
e9117667
d66fddeb
863c7e88
c7ec4f14
7d31ed66
db94eb1f
d0bca99c
91130cc5
42eda164
8f653902
596dcd71
fb38bb66
d07c73a7
1371f141
3400ff48
8c44141b
8469de2e
dce30eba
76befa3c
3d40d71e
4b22bb54
41274265
33da1031
215883a7
a645f07c
dbe65fd7
01d393ea
f0a88e79
49330055
0ebf5406
f55e84fd
b947b459
e81896aa
4a2b3961
c7b93d5c
837c5011
be20f7f7
b4dc67d5
6514ceaf
c7ab4521
7e61cc1b
fc881c3a
838fa4a1
f3683908
a3d071b2
2685a613
ddcf0f4f
e8eb8ec3
21f8690d
33a9f317
26a80e96
cead12a6
89661384
e8fffccd
1ab2e1b1
d6a18ab0
a26c3cf6
2e2818ff
c4529016
6adaf8fd
f857506f
0ca6e9ac
dfbe2881
b4d10acf
5cfd1244
7b92c0af
7aa5bd8c
cda62e73
5e5a833d
a7d9040c
ffc79904
e2caa194
a2a70eee
f723dad3
b863290d
652b4a9a
223f3399
613faaa2
d0e20c60
4590a070
b8bf4ab0
9ec68860
c09962e0
1b1b9711
085f7c2b
a0978736
2a11ecf7
f695311a
7c5a06e7
39035dcc
6eea8992
40457f54
9c6f5b74
396a17b8
d64c0563
bb7ac7ad
ce1368ce
1314f710
94dcc088
15a4611b
6974d850
3c7a2292
ae525276
71319f14
e872a06d
accde212
4db30354
649ac504
81855c58
5aac37a4
0b84c75b
74c273af
8766841b
3a6d8e46
3a223565
4afd515e
4dac7798
3a622b1d
4144fc8e
c5295d12
c5039140
0236d06e
a8bcc28e
9141e045
50132865
e69415a4
761c3e17
8e9bf07e
ab428b56
6fcb74fe
35c4ada8
30731f0b
c7161799
8833790c
95ba38a4
7f556ea8
984b318d
e5a9924b
7e2aab59
090f2430
a4273ab3
431c3573
6acc5a12
e3f0e50c
432837ae
34a26c33
73cf5c05
11ad3e87
132273c7
5a2162f8
c3366129
7155d349
764a311b
d2dfa7ed
1af845b6
25958d25
a440c982
0907b13a
a45492e3
bedf6db3
46e2647c
d16abb96
2893af36
1717ec57
50082929
b6df505b
6feaea92
94eb6af0
199bdf60
24b521c1
b76ec418
bbbc8faf
0f188b9f
aa1e9f95
9dda02d9
cd98bf19
6a48e4da
7a7f8f3a
c6610913
70f02b8b
7e2afb91
abc49bd3
f65cb335
4acf7c38
bf5e8a9a
93f6d05d
f11e0814
f694fe1c
f63a7e4c
e5438346
a5b62af0
6e850f74
6a0671ad
14f9fd6d
bf14680b
540e0b72
6a2511f3
8b514051
9ad6b592
ef9f2fb9
a8d9920b
4efaad10
ccdef4ed
3a91fb63
af428015
dc5eb42d
35ca722c
4b939d71
ceeda5bb
60d3299c
7db00a25
aa83224b
23f6c22c
0752c3b1
ccacaa5f
b7d09f6a
16cd8606
77c282fd
a3629c1d
5bf74da9
4bdb92a1
b63402cd
8321dbf6
ed2a346f
2ee51d88
5212703c
bc1d1497
61fdef65
2faa3d78
748ad023
020db9f1
a8da03f6
70d651ac
54ed2e56
9a5215ab
1efef0b4
b912ecb8
28ceeb66
2db6c90d
4e6ea860
15601e54
0dbee11d
452d4b8b
1e6ea1da
153735a0
4a114aaf
1fa2f00c
22e17510
034c11c5
340ed9b3
c8e4d92b
674fead7
9060ff39
9d2db34c
14a0fb68
f229cc5d
d4304df0
a6e7ae5e
ae3a87fa
04048156
b4e657cd
6a7ffc46
068aef40
5fa00bbb
36444151
26be7a4e
e84f7858
91e686dc
2585006e
53666035
4f526898
dd4e48c5
bcb531d0
8492f61d
266db394
389af325
73bb164d
d3b9ce4b
7df5d6a4
7afad55b
00f7e95c
6b576742
206e2f25
c2120efd
d7692412
2a9ac1ba
88384be8
eab51496
e300f8e0
abe372ee
5fd65be0
40590522
af7d4c66
b69149cb
92f59438
19803edd
ee672bf6
06666247
07d31fad
140f5ee9
7ac1914a
f2abf02c
890ee468
3e0ca517
90d2b054
57087d2f
56e57e30
57463c9f
345c169c
429bd6de
c26e2c5a
363e50fd
595698e6
1004f18a
b30e22c4
995a5566
9712da4e
86913a32
36bb6626
e139156e
4761ccb6
4152f2f9
c433bcc6
2ff7433a
575dfb90
a83ae564
d30ed060
acb776ae
515bfe5e
82acf446
118d832e
e038127b
7561190e
ed5aa303
f0197cad
fb1a942e
244470b8
ff76a1bb
2cfd8cc4
9d0c5d8f
885e8037
23a17574
67807d55
8e5e2e3b
e7848110
9b899341
12c263f5
984d3469
4acd08ca
c00a084e
889a9643
342cb9e3
4c7225ad
8419c325
e8d96aa9
d05fd60a
3c85a058
bb6e7fca
b0e7fde0
59d647cf
5b54aae7
41d2bc25
5010ce0e
83e2e734
0bc33450
fe4f1a54
d97fab9f
1af2a87a
75233160
e87e8e58
8945ef2f
451f6c5a
e7a8b449
f28c3944
f4b6a13f
603840ac
c2d0ab38
f6a8a020
a41ced15
fcbf9a61
470e2565
adf71bfc
ed92cb00
e042e1ed
a4c163b8
bbd8bdb7
f694d489
8a221e8d
aa558560
af95d255
4985db7d
2219dc41
7aba5049
79dd9bca
1a5a8216
ea63ac50
f7814c39
70b33432
dd2a87cd
2e21bc65
b0e13817
42770ff5
031636e8
b8ec55b1
0b52a894
bdc2d575
9135b444
1a49ed19
2228c139
0644374c
31895fae
315d2fc7
0eba4573
ae8c3bbb
85bb141c
652050bb
45ff970b
9f885aa6
d9ffc4cf
7bd92210
d5183e0c
f9581b1a
71b2d2d8
49d1dac6
8c67e588
bfd8c19c
7d52a24e
5320bf5e
8aeed1c4
3e6683d3
ff2e8820
be9ea1be
c9b3f30b
c03b70c9
57dc28da
324f5b53
99d67776
c5a1a025
55b4f551
d38acb35
c64d5729
d01a7344
3721bde9
b278b285
fa295f14
405afc14
82a70c16
8b2b4c97
056921db
9062fcd6
f0f0b366
bde40dfa
5731ab6f
c49b12fe
47cfeeb5
682c594c
1388b7f9
1499e86b
d51a7c82
01ce172c
65030553
8d8bf5a4
413ed64e
2b4c6e86
b204459e
36161bf4
429c8dc2
2d975f5d
df6f7656
490f75e2
06c3376c
495e8ce0
f57854c9
121c2736
051621ad
0f7b32c8
3c042ea7
0abc324b
29666c5b
7e91fb72
5a5c08c2
60d86e4b
1e579731
92181ada
1f494e62
c0edf450
7cfb01e6
cafedc02
38de5d25
b73ea647
eeeff989
317e96c7
bf7a01d8
aa91f93a
2e9594ce
5acb5784
f29acd1b
e2fc6d9b
6fa81a39
581a613e
8c89cd27
32fc271b
e2fb1177
d9107e4e
45500149
1278024f
b00aca70
58113ff8
0bc43c1e
63949641
914bce72
11be44fb
83277877
0e124b72
4348e2c4
abbfbff8
eff9c837
7dc48a21
4296b9bd
06e50503
fb339373
29fbd184
6e689e19
aa1bddd1
9d0f874f
35e3e4ba
c64911f0
1ff25b53
2fd21546
1c953ffd
bfdf4a58
57e02cf5
aa67009e
d4f3b435
8a043ca7
e1f63b78
ecf2c94b
3f94e4e6
a811c207
db2fe245
d12f1781
503bc8ae
eec6cad8
5071638a
b436aa1e
3f566f60
75348538
8b6121f6
262927a9
b95a7322
bd20771a
0fd8732a
8b04e358
c1ec5aa8
800cc573
871dec61
ab19dcec
aafe302f
b6741d1b
39389e41
c79d0a82
af917dfb
f0c15fa3
2a12aec1
bb542107
70cc5765
a495d21e
5fccc88d
58893e54
d337c7c7
5f57d8a6
43a8477a
c8a2dc5d
5e9af519
a47b952e
f48d6a74
0cec4838
d0f185d9
98173998
67096086
40834e5d
44b7621f
850b10f1
f39afd13
efa6bf7d
a8086420
503d5846
2a6899d5
61e03b8e
37b38712
b39b463d
e574c0f8
c22f1df6
4aec7dea
80ac14f5
396e6455
85d6c6c3
fda46df7
889974c7
e04e8de4
b7e853ce
92db2c38
b2c53d0a
d3110d58
94682158
c90295c5
a2f9cc64
c55e83ce
2e279496
529a3b5e
26103ae1
a3401df1
20079f4f
f68496db
c96a8f38
69f9b512
035b610f
7b39b98d
2ae42782
f159f889
61a2e6a2
a5a5d8ea
03f2c3a4
0153dcf4
ff773076
86b7e2ef
5e03809d
67103ffc
023363c0
102c9cad
e27614c8
554f75aa
e623d5fa
84f42c47
f2f66c3e
70f60d63
6ea4409e
573566ba
72beb867
d02561f8
f7826bd4
370f5494
1b950581
e99a78e5
2d4ad771
47173890
e98d1da7
e3f1132d
bae99de9
aa54884a
aaba2ec5
2879d4a7
afa49918
9b0fc413
ced7da38
52ab2537
b4fcda5c
db444666
f9389f5d
941c4720
94d3c957
3323491d
98ab323b
a66608bc
2fa70fb6
da990a53
62c156c2
0b75779c
d7a0f514
97341444
ac1a51ac
fa7ac55c
30d53c8c
f5d67259
66d57c58
4a90f828
ed9829aa
35055de5
79c2e727
c54d0244
21093fdd
86a3ddc0
d873781e
3df41e6f
d83d2afa
cf0c5234
593207c2
2dbb2f97
b40c6367
e167db54
bea6e485
6b1ddd50
b8ae68b3
e9467f0c
e8f6b966
3a11c621
6a7580a8
5ecfaf4d
af08add7
fc1914a6
cfa7c1c0
d8569e20
8328b8ec
429db06d
4aa66654
37b7a07a
e49cbec1
f00fcef7
93fb80c9
59ee7a8f
40f23944
40ce29b6
58e15ac5
070d3746
265bff7b
83982b0c
b4d84c41
78daef35
34707077
2f536121
09c329ac
256d684b
abc0076f
406fcc56
56153000
5af2fc9e
787f7348
135e7fde
c633c2dd
c175b164
deb7cd62
92ce9a05
acef6bdb
8e12852c
fcb19e70
417ef31f
a7ab2468
85c980ac
74b6a11b
61290e58
c0ad11a2
0b2a1fe0
8437da91
8406f1e1
73629988
06fb6b0d
bcea36c1
34a1e54a
be198a53
adf0f913
1511bc1b
ccabb65d
ec408f40
260d09ae
3ccaf1e6
50f60e50
4e0d40b8
db3d0fc5
f91cb2d9
16601bba
8e7caeb1
5c1e7094
6ab64757
f1831d4b
cb3368e2
f4d3032f
1b66a9f1
c98041ae
dbb2bd63
c3f16b16
14f670bf
061d58e0
7b976a48
65809bf5
ea857f64
8697367d
73b1a5b7
1e941161
7da53b3c
d9100b03
c6c1f6ec
0bb65455
7f1ee486
d48fac6b
dffa919b
7ac0cc3d
315dff02
d520202c
f4810341
c16511a8
8bef4cea
2461d959
d104718c
9746be82
961629df
298e8745
1b23301f
ea2d6ccf
7a31dd99
f999ceef
1bc06044
517f6ab8
4d0b9a34
77fd55e3
d4bba3cb
d7f22323
0d08648b
d14c2f46
4186b3b9
a04a5c93
93f8c735
6e057a03
cf5246e3
e0d1543d
98bbeb87
c2be48cd
98f89d0d
d790f752
ef935749
579be01e
ab79d8e0
eeacddf4
46d30c76
69932050
dfcd1a24
68d4c9aa
0c8562ba
f5bd6985
4a69b791
6766f154
45cd0269
f93fb634
51f978aa
823f06da
5ba58d7d
a74f444a
db908b3b
088442dc
c27003e0
7d0a6a8b
6fb0cd30
0261891a
db5564fb
7a9b5bb6
20e9a812
49a85964
0df01e5c
fef13d68
606f04b0
0eb8b8d1
b5c6ed0f
a1cf7de0
34def9fb
d81db5be
c4bff4e9
5f06fc4a
d3d045e2
347238db
02af3672
c338ccd1
0b70b084
843d356b
e65f0cea
dddf1a2d
4baeb0a3
de3446b5
7eb600b5
c0d27063
8d3ab586
c5adc8c5
7085c731
a3671168
a3de595a
4c54c8ff
653e4db4
6f0334bb
2016e2a8
4816aa54
c2a97869
68de2280
5555ced1
fe137761
4cca2fa4
0ad7aca2
c18b2fbb
5aebc632
cf0a6e72
8ae05188
471b0289
94c51b85
5b52f857
3c4b0a3f
7d23d284
1af7045c
e6fc30ba
6fb3dbea
eab024f7
219a838a
e527e4f8
64c450d0
cb928582
085a8ae5
63fb6115
33023fce
19fc768c
a6ff5c60
6c1ac85f
c63c4713
3d35ac4a
8a055f48
ffaa8c4e
6da7dbe9
df8b029d
61d5c00a
41e33355
0b22cdab
77a1f161
b9ae3b00
5a0b2245
d768340f
4e7210a1
68873481
d9fcbd9b
54678b33
596cfbfe
87da6114
f4ee2d13
ad2ac27b
cee31b1a
10cfb1cf
1798b7b5
daad723d
6675dcb5
c9f34021
3d309d43
55d6083b
4c98f4c9
63cef5d4
07859c46
04e2575e
8e85e83e
b596c162
e9f8e035
72f33800
060a90b7
2a5c5211
1a77add2
07d799e5
00eb1fa6
dfe8c45a
58c0c094
5782bfe6
fdbe19a6
b3650707
d02cfd60
b96023cc
933eaa97
6ee11b1d
a3de3ef6
c190be94
b6ae2a7c
961faa10
501e77f9
fe00d0ba
c916d69e
25ce996d
4ab99ae2
f8e5301e
032fb4ff
b7f304d7
88eb9381
2a9d2c0d
b6b7f93f
86454093
ff5da08a
cb72cd07
92838b98
54f17260
128e83db
daaf7742
56be91cb
9d566f76
7c60f087
b3281495
6dd47da8
d2f9d7bc
6eb14063
bf8b8074
d73ada2e
7f6c41ba
2cff1ebd
7ae22a3d
d1ed180d
2663fda2
2e503870
f0fc0fd4
28268d68
0be93aa4
e198c946
8e70e95a
9d4b8d3f
0184ede5
064353c0
c9db9c0c
a69ea39c
c7d867a2
29d54319
80dfcab9
ea53a0f1
7db4f2c4
da956f0c
2f45eaf2
5ca1a18f
57bb04ba
64c904f0
bdcc674b
9713661d
05d3493b
b0aaf084
8ef60c09
52ea3eee
771f8b0a
ad713b6a
2e07232b
d8aa82ee
77f823de
23ff8176
0c7f40c3
415dd7ae
68a2b98e
b822481a
7ccdde7a
b63abc06
91df0a01
bf6ed3e6
363d7e09
39b1a4df
fcd3ffd6
ffc296f4
eb01b9a7
d3a7fe0d
024a9f89
f5c117c0
3f22b035
a2e8174b
a3683cdb
9ce44dea
d665904d
854daac2
128ceab3
212764c8
8023a600
7bab7e3a
b99be9e8
265adf2c
8c6d21e4
f2442eca
8971a562
126a1a33
9cc9591d
5f4d99ff
743501ed
776851df
1c51c781
41f4d48b
0569dbd8
7961a3c0
08b64e10
e0631c3c
278c872a
226aafde
7f7ecde5
0c41b918
866e9d06
c3cc97de
dc3f2171
d756d5cf
ba997708
3122977b
d8b44d01
9e4a1c11
235899b3
df50dfde
75b988b0
a384b9a1
3aa50b89
97d7f7ac
72fd1b40
bdca60d3
0c71bbc5
6847b894
85d2ce42
bae581bf
d38d807e
ef3c3116
fdbfbe6f
a9c5935f
d6ab5368
21db2b76
a3c03331
7376ba07
5154a2b3
533a8566
5ce119d0
c251d388
2a710176
2c329da0
3def348d
3ed92324
b307d392
e823e8fe
90055236
31b3db89
1ea675a0
c967bc44
dbd67761
82f37627
7c5158ee
ff938b13
b9420699
26b818da
be65f1af
6ef3848b
c86bae8f
4c657781
cf9c33e2
38ca249f
dd229203
0a005f6a
83d27732
e0911824
e9af4a14
8bcea88c
7b1b6ef1
37dc9837
855dd512
03846552
07f838c3
359dbf1d
83e7e35d
03dd3f0b
5e654f6d
c297e17c
c55f2f12
8dfc3ef7
6424c3c3
b0e92b61
f745e926
97746eef
ff845d65
d8f82e75
334a0ff5
db17e75f
82c2a698
c403258a
b9fdb605
c34a7d84
5ccceebe
1aef7f31
7c32d533
196432d3
446c1a82
6d301a7b
8ffc52e8
877237ab
b38bbd1b
db68742b
0a8cd64d
09252bf7
f34153f8
357d8526
895f1f9d
68168f18
445e87fd
6a934bf2
0e5c4a35
6c162856
3f76b536
bcb1dc1e
29b88d6e
2bf3b938
d9606c37
f10da432
56e22003
6abe4f4e
5ef2efe4
6083228f
7e22786d
4af6d008
f570028a
f0cda126
37b651c1
8a2c7517
76dcce92
771f5dac
639ef64a
a9f1cab0
82b969a7
970a8b44
39891b3a
32f0cbae
39757196
129e0e0a
35b240fe
b934eac8
fff94fa8
96798211
21522f16
927ffca1
e2cc2a9b
9c6cfdf8
b6994f24
4b7277a7
ad866ef3
ba718481
21ba5999
271d8390
ecb3f53e
89bedd4c
1775f3eb
2ff8fceb
857eb6b8
c4d511cd
ae6a4482
60c21aa3
30f5fb6c
f53de172
7f524f7f
af75255e
a2e5750a
f095d6ed
44134d2b
e8e9e232
d7ab9543
e626d374
53736c91
2155c2af
e764a282
e8c74b57
5fa3a69d
991f0d8d
ae6f041b
2f252891
6c52e7fc
008283c7
3e34f5ad
46a45ec7
4e5c1895
9dc7b945
9d140738
d712a862
134d99bb
62361e24
506f1641
670ecc96
24b9de36
a4e13177
b59fb809
c604d20c
62f876e0
17161923
c3218ecd
54e2b477
e044a415
4702b080
df8c7ac5
2ba4bb27
c3302b1f
4cc6d8f8
ad212db2
341e3065
befbb08d
c8245bac
061a6479
64166b48
f8a906fe
e27b33b2
d8810bd8
d8a29211
9575dc87
d904ec01
3541190a
78f762dc
e35d16f8
b2c4cea7
8498ed44
802bec8d
74905d3b
f7ddfeba
5a5d946e
d10ba681
521b82d9
c1bdabd2
fe2fc5a7
bd9d8319
8df55cd8
e39a35f0
b20b58a8
4e510e5e
e52abd98
dc679ba9
da1b6267
316411d8
78ce58bd
fbb6a211
77a39e09
e5024bfd
3151110f
7168989b
d89e2f39
d1deb0ae
8ffe28a0
3170c3e3
51592f5a
00bd4425
2335b438
19444f30
5c97669e
ae67047d
892d8f03
185157dd
bb4dd2c1
efafaebc
54a7b5ae
07a42367
5e3f6fd1
7a85e0e2
aa30d44a
988fc88d
afa6fbef
4edad924
2ba89d44
2b73feda
7debda2f
0c33db07
0118b0b5
b2d6344a
acbea684
28878f35
b919d161
a90a8475
284aea7b
0c83fd0a
53d0f9da
cc1eabae
ec631e3d
aa8c37a9
657dfc98
0ccd9b39
b1605ff2
05583271
556b6a80
d0c9ebdd
c7e39c36
8909200d
616d4ef2
b1ab27db
f614b218
3b6b98ef
f16634ba
30c7b4ee
aeb74dfe
df9d7e92
5571c34a
57ced445
e6a29c1d
8d2d3000
c156615f
b2a6d5d7
026051c8
d51b6d1c
85c51e98
6c7b844b
edc19b93
3e0b43c1
136bca34
c201e55d
b0abe030
9dce700b
509713b7
a44846d8
08f3e3cb
ad0f045a
9ede1255
e620bb2c
423a8afb
c86ec270
9d8dbec8
76d227cf
9535588c
113a128f
1909ec64
a1c7ac65
ad40305a
11f7cd11
42483265
586270e7
c2d9670a
45ade4b4
0d695b48
5e10689c
ca2a3fe7
93be9e21
f92b75c9
0fadf3da
6f95cde7
897f6248
33490459
941f54c3
c50ff37c
5d255d14
1adfff35
a9547926
9cd15e1f
a9c96243
71cc05c2
a74c4de7
8f3d631d
b28afcca
59c70bcb
eff03b18
53429484
5be35c91
9f437548
a3674111
67ec34b0
a0fba109
52fde6b2
865db648
7c956622
663b1513
def61bbd
b0e390b0
77cfb693
c276a6cc
65617605
78487abe
18e70463
f1efab4d
4e0b0300
8ec31fb3
3ca314db
b8172488
4fdff7a6
9653a5e4
5ca64005
3aa17bd2
f5c20f4d
090919fe
51abfae3
6bcd0f2a
99747c91
4e654196
0ded48d9
f36242c9
63c8dcce
043b62cb
76433ae4
266e41e2
cbca35ca
db329cfc
e8dac853
0da563b8
908f039c
cfd8f13f
585a9faa
aeaa579d
904ce14e
f34337ba
01cbcde5
7d1c4525
38f7f761
86a30837
707bcfcd
79ecc3d2
4bc6d186
c0cc8e24
b34d765b
50b65a0e
2f964991
be64aa97
b39ccbbe
606c3668
430c5829
cee4761b
281bbc43
b526c3b1
bdce9f4b
4afafa90
ef31a620
440580c5
0650e36d
f6b0b4a5
3c0aa730
344a44ce
8235cc63
6834235b
39d39e7f
fc068e2c
b97a63bc
4c596ae4
bd760c3f
4ee11a8a
03ec44d4
2f4317ea
dd32fb2a
73e50f07
58a3ebfd
e3075643
f62cd6c6
58c7e980
1e2246ef
45348392
08f2d196
761168e6
53bb30eb
1dc46b3b
373184d8
93c8eb5c
d380002c
57c345a8
e79a6f4f
83a54256
e6cae488
f3a667e6
9d3bdf59
ae0d5c60
d8df7e39
ea607344
018a8aba
e6e0ee97
2a9fefd0
43efdd5e
0e73e72c
ba391ae3
9c203c36
dbe8cf9d
a0de62c6
93a5a03f
04b91ba1
80fda2dd
4bfde6be
93ba463e
db9e7caf
b807c5bd
775af941
b3821a5e
013bd3c0
bad12229
70f9db1c
04b6e4c6
2556d52e
a8cd65c8
c786c560
5a272d4e
e685c2c4
8def74cb
7a36965b
a6cc7d31
87735782
fbb9e67d
89119c5b
a01c2ba8
2112aac6
df943da9
8468be27
60d17644
462f4862
4d1c33a3
2d66692f
615109b2
e2076516
58e51b36
978d808c
a5e0fb88
553ef80c
f368e948
ccc90a4b
410b9860
8e9a5523
18e55b49
ee910445
74506357
ef2d4b01
2074627c
eea94a61
7ee54310
fee891aa
ceb5f7e8
c65ae51b
d477dfb7
2a15290e
b63e2b0e
9e5d7962
d299cfe1
a81eeb84
2e8b1ccd
256d15ab
45a22c71
33f96b08
a575f86d
16da5dda
5caffb24
689d5131
3aea82c5
07606e6b
37f95fa5
5a7d8be3
8909184b
03890239
d3130ac8
89bb90d9
57f1b8e6
6d20eb85
0612e47d
09ea10f8
54c21c77
38082006
2bf22fb4
bbe141bd
24350441
6fc0a55e
3b6efee9
7b31dde5
a6586256
ebdf61f6
1343561b
2387645d
63168d44
1963e9ac
7919e565
35fa47ff
94f15aea
ed884989
dae075cf
b5dc5aa4
12e36a26
0b4efb3e
f3679ce7
5cf865a4
0f60cfad
5b41deac
05563bef
dd78e755
f1a76f8f
c25d2205
95c8d9dc
fb5fedee
55737499
3f3dd19d
970c2f70
f64c3aac
4312104e
c08266fc
45bd361e
10a78f15
9cacebc0
a3135aa0
ff4fa2de
bd83004e
d95d81e7
e421c6e7
9be3c4b2
e4266c1a
486dc2be
06e813c6
e102e7a0
3abcfd01
fa672f37
df841510
74ed11ff
fc1be11a
7c8b2bd4
2ab2aaba
6e0be56b
1502b689
d6d94574
1de79ca5
9dd4c384
40a8f5bd
c934127a
669601ce
a3273c30
8cb44e56
5ea82ab0
bfa95276
0ed645c4
f73dfdb2
a2813ed5
2c53cb4e
ab6a9772
8fbe3a1d
251867f8
6fc0aab6
93023da9
32eaf128
d3c93e5e
6cdc9a68
c1d05484
d3a646c2
2188c93a
04580cdf
ba2918b4
1816ffe0
91d39d75
185ef765
b6f267e1
00a2443e
15dd0f8e
b3a7b7dc
de0705de
12270e59
682eb96e
f2525c08
c575399d
9199a014
861e1a37
e1021b21
cd40e0e8
3e88f72e
15b206df
c84293b5
a397e0d4
6a1a16a2
6b0fbb97
4c644c11
1d1b265f
a39471b1
eb9cc1a8
e9a38520
a5758761
7c7be26c
d3203253
f9c5de16
7fa53e56
77289419
ca202a32
1d298145
2fa37c18
c255723b
11d5c831
97e03a09
94cfd1e8
b1b8a109
cd4eff4f
ac98f00b
ed07df88
b9ad29f6
96ae7b8a
c79323aa
d21eb1b1
b95b835d
4abb3d02
1be70285
0b73bba7
d745daa3
65c5d5ae
d082e72c
49f7b6df
3485c402
69b74054
9b474d49
c5872721
c33c99e1
5116f5c7
5bf35d70
3c8afe2c
1d92fe01
785a7af0
9aa640cc
210e231f
941b13fe
893251b4
fd962630
772ac9d4
ae773be9
0f2b0427
29fbc549
677e40a0
47af2ba5
d635c5da
6545f781
fdb2c78f
eb427aa3
9d4d70ac
5307a2bb
772da99e
eb84ab12
d7f33136
e590f718
ba21582c
1f49fa55
52c056a7
c4452eea
9833e7bb
28a06dd3
f45a7bd5
845a44f7
c6a90540
cc41a78e
d9412c95
27885f02
223a8d31
685605cb
836d15a0
4271e1d7
3b01e1b0
b6b1fce7
9f262d4b
f174548f
d6ec88aa
b038ff9f
d2085300
61289f6c
2e2f5ac6
d39fc62b
0dea18a2
5f75d24b
6717369f
1ec8fbc9
cef2e052
5ad49ab4
c16ab27a
a0e56154
d324a4c4
852575d0
dddade22
6858f5c5
74ca26f2
0f805276
6e9ebdf0
0a3b9956
71bf6818
3a47361f
c1517f68
63137f86
842d55d7
c220d0b0
f69488ad
d2625fed
40f6a748
374cbb40
b90d6759
617f0e65
cf3f9fea
9e113177
05cca85e
a5dc3215
765e5c37
ea4c0295
f083503a
5f586308
923a8810
f5d5597b
9ae5fe7d
939ccea3
45f8cce6
9f5cd565
71ef3e7a
dd515d1b
265bc54e
6db29c71
7d72a935
325daf98
817dda6e
ce339756
484f41a9
a6b845a8
7fa40fc2
9bc60008
bc32aedb
87247757
fd8ff6b8
6f2fdbc2
5adce9c2
4c4b1cd7
66491a5c
03a45356
9ab092b4
1c877aa3
e48259e6
9ff27bf2
82206936
e61af19c
f16db3cb
a28b8cd7
83857216
da758cfe
0036d57f
cf9e17b6
98971626
2f4f6083
458aa37c
5538c6b9
412717e2
b177a588
99606b69
777bcf14
4c00ae63
8b1107de
11a10fac
2392cc1e
44596416
b3061e06
3e166875
75ad66fc
673b34a8
af3aa903
682f6dcc
bfc30544
41cafb46
fbe2971e
e5be0eca
3a5ae181
a722590c
bade40a5
e3f3a117
0746d83e
ac5b233d
a4bda254
5d2944ab
b75d9289
c8b9cbc7
b80ce101
b88e4a53
7361ef17
4b284732
4b17ade9
2245af2b
d027599a
62eeb016
c1a52fc9
e1054d2b
94c416c0
80152489
b1afbb65
018ff57e
3d528fa7
1b33a258
ee26f402
2718e68d
f517c01a
7e20a619
737dd25c
07f0e8e1
6f8480fd
264d9785
2efa53ac
eb5eaf3c
7384457c
78e753da
602f67e3
d65dae6e
eb5de15f
8b36992c
e1afef3a
13fdc973
793b7ba4
163cff91
ac1948c6
a6dd71c7
ba178503
423fd9ce
f24879fe
6ed0461a
1b5d5cf1
47b7c5b6
6c689286
d428d8fe
0298acf6
04fc57c5
f9a53db2
39f6b03a
1197f379
9cd11e04
dba91e98
605f477d
7aeb5649
126f0ef9
34efbeec
42fca15b
06c0bb13
19de8d8f
5b4f56f7
06afaa49
5c9f8de8
6086a37e
2564db71
352b6dca
7551288b
433e4f93
4eb57004
d07bd507
ca770c53
3a943911
b7103f0d
ad7facb2
586fc6e9
66c004d7
d1d16b02
4f5805ff
7cb47c7a
85dabd8b
48892ca7
ad7facb2
586fc6e9
66c004d7
d1d16b02
4f5805ff
7cb47c7a
85dabd8b
48892ca7
ad7facb2
586fc6e9
66c004d7
d1d16b02
4f5805ff
7cb47c7a
85dabd8b
48892ca7
ad7facb2
586fc6e9
66c004d7
d1d16b02
4f5805ff
7cb47c7a
85dabd8b
48892ca7
ad7facb2
586fc6e9
66c004d7
d1d16b02
4f5805ff
7cb47c7a
85dabd8b
48892ca7
ad7facb2
586fc6e9
66c004d7
d1d16b02
4f5805ff
7cb47c7a
85dabd8b
48892ca7
ad7facb2
586fc6e9
66c004d7
d1d16b02
4f5805ff
7cb47c7a
85dabd8b
48892ca7
ad7facb2
586fc6e9
66c004d7
d1d16b02
4f5805ff
7cb47c7a
85dabd8b
48892ca7
ad7facb2
586fc6e9
66c004d7
d1d16b02
4f5805ff
7cb47c7a
85dabd8b
48892ca7
ad7facb2
586fc6e9
66c004d7
d1d16b02
4f5805ff
7cb47c7a
85dabd8b
48892ca7
6e25b784
34c003ae
361df0c9
2b28ce74
da9e6374
2f986887
fdaee8cd
12cfdb12
2336a8d7
8fae6495
322b8534
6df6bdf8
db36f844
a26b08d3
6b8d77d8
a8b32beb
9fdc5318
931085a4
9a846d59
348be65c
c6957cf4
0736c660
4a057105
e8476c6c
85984aff
b7211137
1d83de42
2fc5c9db
4261f606
96dafb11
6360d066
c5f87c99
50db4eb4
aee977e9
fe322837
a0215d26
330c4cae
4922d51a
f55fcb2c
32a0506c
c449a3a1
d09ef29b
5d636d67
4e8506a9
655898bd
10468420
551c3154
77b1a3c4
f215569b
396da324
83522951
2e9eb79f
8dcbeddd
332f071c
6d9fa2fc
a509e335
a5fdcf30
0a5c1ba6
6d07aba3
2326d159
88026904
2975ef9c
0d8c0572
3cefd085
1a75daeb
707bba32
281a9a24
372eb999
2b2e9c9c
8715683f
9f5603e5
ce833d61
b097435a
4a2b2800
9906ea89
da38542a
a92fb464
60f63734
5be6a525
fdbef1e7
87322ea5
0a6e88ab
40ef0219
8880624f
4f6cd388
aa7961da
64d2e093
1f837ebb
088c607d
dba06c75
a7df1323
e56ea1fc
73746f66
d983f687
f24645d0
149b9398
b48ed49e
47fc891a
60f59689
f8c2d297
1d72b901
464459a3
80824190
52a6838c
12d815bb
fe003626
d1727215
29064df9
ebf78c38
3d4a01c9
f871f04c
43f5b4cc
3b47937b
99dc5c85
006f6ee0
3a661061
9edf0869
6e7cbd9a
cc036c06
e0bbe5f4
0b0dca2f
a164dfc3
ba8cc0a4
395efe4c
16ee5a7f
8afc2473
f81de400
0753b172
57e4ab50
ada75e5d
088b6150
4aba6257
fa71604b
76a3a306
ad776e7c
90c8826a
e2fe0b94
e2831cb0
9845be7e
2a094acc
2c1c9641
75afea2d
656938ea
8109a210
2208013c
38ccde99
33c16358
0f7faa70
e86eeac8
b7d9f3ef
5095c22a
b1bec1b7
634fdd63
05c28aa0
d09a31be
02b7fe5f
dfad2eeb
54fd8cd9
6c8e2d26
e6cdff55
4efa90e8
553d8bfb
f8d4a755
95f2db55
68b7c352
877510e1
4b5b53db
5c0ff8ea
e1e34fde
4776702c
2ff08194
03316322
e1e52807
704c8851
3d1bd894
aa955a00
223e820e
23c3960c
46518526
cdb77c78
b09a89fe
96ea37cc
ac030c6c
d5836c4e
5f60e9b5
87eea00c
b380caf0
b5b2bb85
d53be1a2
1514b6bd
59fc77b7
f47e30d6
9709ed49
c72986f3
5f9b9a2f
31fc2d96
45c2fb0d
afe34730
904544b8
ec40d1ab
f7651c57
1eaf4aa4
4e37343b
21e80369
79dc20f0
4502a62f
5a474e3a
436569c6
1104b700
d2e59c09
4969b4a9
6bf7e402
8d6546fc
a38e8e6b
516b059a
e2f7c268
f775e0cb
5663c3dd
76555fe3
979f55e0
e5496e5d
5cd8aec3
476d0bc7
3b11b009
1f914920
70d51c6d
aa2cf7e9
2d358aea
aff3b484
b91d9288
68864889
1b7d0e87
bc5bf707
7f268a0e
bfa3d57f
a69bb580
603045b9
283cd240
2ad86679
7557e652
57fe0062
50043d1b
f697d866
479f959e
041ecdf1
007a3474
cb3157b5
e3e97de8
111d7f6b
7b70bc5e
583575be
91c752c0
02c8c610
8fe196be
b8f5a1ed
c333adfa
5cd203f5
52a1fb91
8457e924
69c97338
38c060bb
a14f934f
63757a12
8fc5752b
3508a01d
989dafed
d6971f17
e0743967
fe6c1d5f
ef5bdb60
0a90daa2
c9d200a9
5a200a0c
043732a8
f0d9e0bd
a2f61a9d
ebbb13f7
bdcf2217
d09cc2dc
909f8bbf
942aa00d
0788a032
c48ab912
b904746c
c53c8a9f
d5a62cce
60bbaa4f
f161bca7
b780e0c8
145bfe8d
813b15a8
16a85ed2
46025ac0
eb472195
551e821a
ff02a6c3
753e88f3
bd8f3a08
a54d671e
4d09fea6
6490df97
84d5ca9c
04e533a4
fe729026
c7267226
10608f81
15ec15af
f7e9e6cb
457c5458
f22daf32
55b563a1
26a95fab
ead70d78
80835f30
d0d90325
575d6916
d6e578e9
1a28df1b
f850024d
664fa489
5e004903
b85bb821
8f82944a
8eb62124
38d6fdfb
96673305
6ea33613
dfab1b64
549a6312
05747a8a
4d9d2bf9
adfea2bf
e3319e94
703842cc
0c0522ac
da7c0c07
22e9df50
c147adfe
650a4220
04a01b1f
c7b29729
cfa64c9e
567c1c16
ebd0e6f8
6e290060
2f19725e
49afe2c4
4f2dd0fa
76123338
d3b0d2ad
a7f03c31
bb81acf6
346890a9
57603319
3a752187
5b1ac009
5d9a24f9
634090a2
48cc6432
10020466
d0c7d6b4
df67922a
fa276145
d2a95338
92d00eca
a511479e
df529960
553ba2ec
be71870b
da03d943
756207da
91c55efc
91290fde
3ee4267b
54f444ce
be63e22b
2d84e9a4
7ab4605c
d6a15213
44417f37
36bd6d90
7d21739e
baec049d
9b93e694
a1ea6650
1454a65a
7c392ef4
90f5fd9f
36eda5d4
8c836250
225a0113
dd16f335
7ddfb5b9
707cadd1
140f0cf6
bf1c9286
2b354d68
62d5207d
4c378166
c062c39a
02e531c2
232b5ce3
ab2e00c3
6696d1da
6081be09
90ecda41
956837bd
1cf7f230
f62f264c
9c6d30ec
aeab45ad
14481385
cae4cff3
7135d2ab
692c82b1
a2a56ffb
8c85ea79
8153310c
3764f291
abf05b84
8bb92367
252324c1
5f582d16
daf8e339
7407e75f
e8fd65aa
8f6b19ba
c642b177
c344968f
8299f722
463abbb2
fad58d75
8de13e3e
2363e761
26b5e7e8
ff5b0ff9
565e48cf
8e6fe422
5baec9a1
2ad3c61b
40347181
f0e94b1f
3ebe3c4a
847ad6b5
5eb31479
65248a87
173ff2d8
d07f971c
319a781f
7fb823f0
2e0f122f
4e1f02d2
3d7e73a8
5f889ec2
43ac0671
8d47e379
f88ee297
78c327bf
38956985
387248e4
dc7f2756
9172a5b4
452b1e9d
6e8d322e
749bd012
7c1fe1fb
12ea67e2
8eec1ce9
323bc63d
dca2f6d8
ad83f7f1
cd4ba2a6
8288697d
48145f23
dc80f296
1fee8810
cda5036b
7bd5bcb6
94c68443
c99102ce
0ff09267
9d50a1f8
3c69e3b3
ec858be9
65bbd112
5a21ed35
a48d38bf
964cfcea
50754b56
e86139ae
23cbc063
c629950c
91674e7e
4b0d02e5
7856a37d
8c0b0c85
338e31f3
94d51f99
f25429fd
cfde1242
aa8955bc
579da92f
5fae82b3
4d3fb477
1e675dbd
a7cac611
95438b9f
0a301164
944afd34
726bcfa1
24f7029d
1f688abf
61dd17fb
b8c6515f
70c8ecd3
5bf7508b
4dcf44f8
87138b57
3cc8e401
3d507647
afb95633
d6dff498
9a9293dc
dfdc3572
23728668
814e9179
d819583e
7666d106
c8258791
3a5bd3a7
953f5a9e
98452a12
02d0e249
82f2239c
e00c4346
50be6f28
57ba834b
ff5a31b2
a35521f2
e4608ec6
9a46375c
4667644a
60fccc8f
c0548dc5
cbd6a52c
c997984b
f550b8e1
3c9e0464
d90cc6a6
9b895134
a9a31a9e
e657f319
7a8e3401
1692aa58
3459a380
cbbe687e
5350e1fd
d4abd85a
e3525199
b0727f0b
8500b5e0
21561a30
7e3a6038
a1f860e9
78aa3eee
debf9a48
f9a86278
f80c51aa
572ab6d7
96de26eb
2548452b
d016aa24
f7cd060b
d06322ca
b92c731d
92106f41
874ecdbd
012eefa9
5b7d370f
1fc4c998
4e74fc92
b8ac4704
6a322ad7
7e5d3f68
a8550d8c
852bacfc
67fb2e0d
a245d169
d45aa6b2
cfdd8d99
820e9fa2
5bd340a0
6465fca0
d06cdc4f
27cb6425
d3814859
40f54830
cfbf0f2a
f5ed81f7
29fae491
fa723bda
74ecc804
dcbf5629
1eeabf84
dce00d84
534ed1a8
77e6b4a9
c37ae737
9ea5bca1
ba2fc07d
6e61449e
be77ccc4
526a9c09
097c358b
2c0e723c
20ef08d6
49c914f7
0043ad64
df3b0bb0
aef3a1df
0d88efd5
3ae9545a
3777cb49
9b1ba868
8855c1b5
ca5d0efd
5a6e9758
aa19e34a
a6d3c89c
b44fae8e
8bc39d08
b0fcfde6
e4eb038b
351c81e6
2ce6dcdd
2db67e73
42186310
8a7cdf18
d3746dde
8e4d7691
5f2cd633
5c8f6f3f
b8d01785
c569655b
64dd0b10
18dc7940
196e0905
2f71d1f7
aaea015f
2df0531f
261935ce
3a06e662
135db94a
26fa4780
a6588801
b3d07a16
