439ff4569ff4617cf45767f45304f45121f47306f46d52f4
4e32f47da2f45f6ef47959f34d70f4650cf45276f448ecf4
54f6f45ccbf458eef47dc7f44129f552bbf44576f5780bf4
6796f45711f44b77f449f7f44f35f45411f443f9f45491f4
7475f44003f57385f46edbf46998f442e9f54705f44539f5
405af54206f46ce3f4656ef47b4af471e0f35f61f45bbbf4
708df47a6ef463d9f4410af46ef1f45422f45b48f46341f4
5453f45a28f449d2f46c7ef45ca0f450f9f440def465faf4
424ff4445ef450f1f45a37f440e2f44abef4708ef44147f4
553df453c3f449a8f4490af44609f44b3ef44f20f44e34f4
6302f4486af46277f45646f4489ff447eaf440e6f54f55f4
4a2ff4542ef44b3df45032f45835f461e2f456a2f44a44f4
4421f44bc8f45930f46c68f463ecf45f84f44bacf46d2bf4
44e3f55c39f45750f456b9f45935f4772cf35264f44e8cf4
5348f451b2f44c5bf47efaf35589f45643f45e3bf4749bf4
47c9f447c1f45e23f44e32f449ebf450d2f45105f44aeef4
6aa6f471c6f4445cf57867f443dcf450f7f57688f477dcf3
5c6ff4626ff44362f546def57713f44183f4548cf454a9f4
697cf4449ef45cddf46479f444a7f540dff44653f54e0df4
7d08f3641af45b5cf47545f34c89f44cc4f455a6f44f8ff4
7331f35b2df4502bf47095f34cfff579f5f3590df472a2f4
4e04f560f9f46fa8f4778bf37b70f3597ff45ddef471e2f4
5ac4f452e4f47ba5f3589ef47c16f4559ef445b9f47a88f4
5299f45816f462a5f45e93f45c93f44f36f44a45f442ddf4
5f69f36ac6f37e31f36d47f363eef35465f361b3f34128f3
6dcbf4697df36872f36807f371faf34942f477eef361adf3
7d02f3441cf44846f447c0f44175f46ccef36c5cf35d44f4
41d7f44f76f458edf44cd0f44273f45a74f44dacf44842f4
6c92f365b5f35fd8f36a99f3597cf3544cf35ef9f36a09f3
641af442f6f4505af3609ef35f3df3707ef35854f35783f3
73bbf37a56f346fcf449def4768af36be7f44483f47fbcf4
4b7cf46c1ff368a4f37c2ff34482f446fcf479d6f47355f3
4ac6f45e76f4760ff45113f45f27f4700ef46651f4570af5
65b7f447c2f55abcf54320f4672bf45ff2f4549ef45301f4
70e3f45ee4f44416f47b1cf45761f55f3cf453b3f44e0bf5
7643f4481ef45c70f44941f46ac6f4641cf45e55f45c18f4
603cf46fedf45340f475d3f4721bf46fcbf444fff543cef5
409df55e1ff44d6cf47392f456d4f57c47f44420f54493f5
559af454c2f44204f57a12f44e23f473bbf463d2f45b79f4
69cdf47b40f47b06f46cbcf460c5f45db2f468b6f449d1f4
501ef456c8f4719af47db6f45204f4435cf559d0f45139f4
6027f472baf45dfdf45a82f44272f478d5f47bd2f466ebf4
652ff44c3cf449daf47508f4550af4419df4591bf45674f4
52caf4569af453d5f47d5af35850f47c40f3520bf45388f4
4cd8f46d4af45c27f44ff6f46a89f4633bf477e9f4689af4
4ca4f54e07f468d7f466d3f46dcdf4607af44927f46cacf4
5dc9f44c05f45f0df458d8f4524ff54fa6f46733f47da8f4
5967f4656bf4598ef462c4f45fd8f46709f47ed0f45ba4f4
585bf34ed2f36b32f357d4f35880f34f11f3491af35c69f3
5a31f35807f351a4f36614f3528df359cff34d70f35588f3
6ddcf3402cf3503bf35debf34cb5f35694f349b3f3570cf3
5c53f35408f34b6cf3572bf35768f358adf34eacf35e2cf3
6062f35808f358dcf36aa1f3504af35604f354aff34eecf3
607ff351d9f368bff34ae1f36147f34bf4f360e6f367e8f3
60dff36476f35a79f3522bf35abaf35544f3551af36489f3
44fef34fc6f358f8f36808f35556f3573bf35213f36617f3
514bf34f5cf34ea0f35163f35d5af35aadf34779f35356f3
5b86f35451f36464f3559ff357e7f3591df363aff358d7f3
4d4df35a12f3595df35177f36f37f3533df35082f3524bf3
4cbcf35d60f35e1cf35d81f354e1f364b7f3535df34b20f3
4a46f35fb3f35606f35adff3532af36ae4f36ef1f36794f3
5a8cf360fbf34ce1f35560f35d7ef34843f35597f357eff3
401ef36fd5f356d2f34b5ff35990f354eaf355f3f34f1ff3
4f03f35776f34b64f34ecff36c98f35aa6f35461f34ccef3
6c0ef243c7f3733ff27d06f24c58f35f5ff27302f27172f2
6adef26e01f26bacf26d0af2693bf27c94f25353f27881f2
712af275b5f27f24f2739df27b36f27d94f26af4f266cef2
5f50f24632f35ed5f27364f266e2f27e2ff26a2bf2615af2
6411f26acaf24095f3715bf26b6ff25b7df2655ff264eaf2
5f2af2661ff2437df3646ef2604ef27d13f26b59f27ae3f2
666df271cdf2736df27a72f255fdf27e95f26550f2720af2
5b02f26421f25e40f27ea7f24cb3f37e5cf260f9f25a46f2
6dd8f262ddf26af8f26a85f265c3f273d5f244dcf37c54f2
7880f26e63f271e5f2760df25fe3f2702ef25b5bf261b4f2
5ab1f2709af2753df2409cf37f44f25e06f26bd5f2741bf2
7421f25a0ef26c05f27767f24c05f365d3f26c1af25dc8f2
796ff26dc5f27143f25777f267e6f25bf1f25e92f271a4f2
43c7f35f5ef27634f27320f26270f26b7bf27748f26d85f2
482cf36b73f278e9f26ce1f245f6f343e4f34c09f35f95f2
6741f26df5f270e3f26c04f245e9f36feaf25dbaf26bc7f2
67a9f25e3af258c9f25874f27951f269fff26547f27fdef2
73e5f25cc7f26a26f26ecaf26bd3f2414ef3795cf2788bf2
7bcff2678df26a86f26cfdf26d38f26498f268e8f25ae7f2
7a00f26f66f25eaef27337f2406df3441cf37b36f27e7ff2
61d7f25bbdf27f87f2436df36850f25ae2f27d58f25fa2f2
7c6bf272dcf27e4af26581f24328f37459f27775f27e76f2
6e3bf26d0cf2428af3787af24345f36c10f269c4f25dc6f2
6976f26247f27eddf26d1af27a0ff26af2f26493f26f54f2
7a9df26515f2659bf27d84f2791bf241dcf378a2f250a4f3
5f27f27b38f27bfff26f78f27c0bf2441bf36ca6f265d0f2
6e4bf26b31f278def26452f272bff27b37f26871f24b0bf3
7907f27890f277a5f275eaf26141f265e2f272edf26834f2
703af25d75f24159f37d2ff275e2f26a1ff2557af27493f2
7285f27cdff26892f26804f265aff26dc8f26aa1f26267f2
7ad5f24321f3489df37803f267bcf272cff2731af26273f2
5c0df2579bf279aff26de0f244f0f34103f369c3f247e5f3
7e87f341dbf44168f45188f46f5af34194f4774ff37e05f3
40f7f47758f341f2f44173f47f71f37687f37f11f35e3af3
6aaef34283f460d0f3460ef479d3f37019f368d5f37507f3
68d0f37c51f36794f37833f3400af47c33f37668f375a4f3
77a2f370abf37b97f371b8f377d7f374ecf34324f464c2f3
43a3f46b94f362d5f37f2df37947f355e3f47af3f34c38f4
46adf4770cf36765f368f4f37438f34961f47e54f34f25f4
45b5f44bcaf47488f3489ff440edf469ebf37ba4f34755f4
745df37824f34d97f46e40f362fef371f2f34130f44648f4
723df37e8df365d1f37afbf36ae0f36c1bf37dfcf34d2ef4
4122f469a1f34190f46a80f34990f47381f34075f443c0f4
7c39f37951f37c84f3786cf34cc5f44125f4767ff377ecf3
745df34582f47c9ff37267f34075f47a17f361b4f37fdbf3
669af37f83f37ac4f372e8f36be0f375ebf3759ff377f9f3
7872f34279f47c1cf34d1af47888f34081f46e13f378b8f3
70b8f36366f34627f477e8f37a04f342adf47d57f36c77f3
6de2f37982f36cbcf3773ff349b9f4418ef441e7f445a3f4
79bff37555f37d9cf341b1f473b0f376fbf341dcf47757f3
63b2f36d5ff36e40f36b1cf341a9f46cccf37a14f35bd3f3
466bf47214f346d4f46ec8f362b2f34414f47106f340d1f4
7a33f37730f37bf0f37269f349fcf4514ef44555f44c36f4
717cf3405cf44102f46bfff34233f4455ff46f10f34900f4
48d9f46d34f36cc9f37e49f36bccf366bcf37542f34e0cf4
7884f3681df37ffbf345def478d2f365e6f37b09f371dff3
727af37af2f37636f352dff46bb9f37be1f3716cf34985f4
77b6f37689f36bd6f37c04f37bc8f36857f3704df362ccf3
651bf370b5f36813f37b4af37d89f342d3f44345f44125f4
7a7df34072f4408ff466f1f350e5f47bbef36906f365a0f3
6e63f36641f3793af37678f35a95f37db6f37b21f34479f4
425df445b9f47772f3449bf47fd7f37c6cf347cef47adaf3
45c6f47431f3443ff4722ef34614f4457bf44438f47c54f3
79fef36b99f36b5bf34294f440a7f4701bf3654bf37515f3
6d75f36e85f37025f3616ef372b4f35ef0f369f3f378c2f3
65f1f37cf6f3682df37c03f3766df3570ef37e6af3767ef3
6e59f3407af47083f369baf37384f37cd0f3433cf440b4f4
77d2f361bdf371c0f34369f47d63f370fcf37b79f37336f3
76b9f34055f469c4f3709bf3434ef47b90f37082f36fb6f3
7823f372eff373f2f34311f447ddf46c03f36973f37dc5f3
442df46bbdf345baf4770ef34334f462cef37ff9f36ebef3
6d40f34279f463faf37eebf37495f3456ef47795f3686df3
791ef37c82f36f46f36422f36f64f36d42f3775df37501f3
7e2cf3628ef378f1f37d3af37a10f35aeaf3769ff37989f3
4846f47346f3509bf46c8af34746f46bcbf37e26f36341f3
72a3f36f04f37273f37816f37ab2f371b8f37363f34587f4
7417f36959f36ccff37843f343baf451a0f4656ff36981f3
77b3f346f6f47544f37d66f36f36f368ebf34072f44657f4
6c6af340fcf47dfbf36aa1f36ee2f35385f4418ff47f48f3
41b3f446ccf470c5f36bcef37122f3626cf36b98f36d9bf3
4424f4728ef34149f473b4f37684f37502f343a7f46073f3
737af348f5f47383f3472df475e9f35bbef34131f47319f3
6e37f36758f34c60f4769ff36d20f37f75f3603df355f6f4
4792f462e0f36aeef3488cf47562f37433f37348f37560f3
71f3f34cc3f47a0ef37be6f370e8f37583f34703f4638af3
4347f44284f46d53f37201f34163f47889f36ad7f36d88f3
6f2ef36d42f36e0bf37ff2f37e69f365b7f34137f4798ef3
4e3bf46dd0f34931f46c60f37300f37b7df369e7f342cbf4
6ce2f37024f34953f477c0f37bbff36f1bf3648af3709af3
6ae7f36c9af347aaf46542f342f8f442e3f47216f34259f4
438ff474a1f37a1df37d03f34c09f47001f37981f3485bf4
6c60f340aaf44173f462e0f340ddf46a2ef36ccaf37f7cf3
6fa5f34543f444eaf47a04f364e6f34da2f46d24f371b1f3
77a0f36a28f34445f47739f36ae1f37069f37367f36775f3
7847f36f31f37408f341b6f4755df3415df46ea1f37256f3
6dd8f3614af346d0f45259f443bdf478ddf36dbcf34755f4
7b60f37e61f346cbf465cdf34005f47406f374acf379c9f3
7adaf340c7f440bef47437f361fdf36dd7f362faf345dbf4
68eaf3439af47368f371eef36a00f37807f34090f44240f4
74c4f34236f445c5f44829f46cd4f34b0ff46fb7f342f8f4
796bf340eaf46fd4f34aaef44543f44992f45779f46a41f3
7227f37b69f379cbf37213f375c5f375c5f346c7f447a7f4
6bcef3403ef47d83f34785f47afcf340a4f4742ff37d1cf3
7e74f37675f37fe9f35fa4f374a4f36bd4f36c0df36cc1f3
604af378bdf363c5f375c4f37a4ef36c17f349f4f478e4f3
7581f36642f37a62f374b9f34458f47315f372faf371a2f3
6cdef375fdf3745ff368a8f36fc9f37b8bf36f4ef37719f3
6e94f3798bf37b39f37012f342c7f46c3af34441f46276f3
6449f3535af47533f374daf3478af46dccf37c2af34337f4
7ffef34e42f463e0f343f5f47d52f37104f37125f344fbf4
7d1ef365aaf37561f372f9f37d46f34075f46cbbf37a8df3
7803f34045f443f4f47e33f34acbf44962f475b6f36e00f3
7a04f3782af37dbdf366a6f3432ef465f4f348d0f47d57f3
707ff37c98f36c4af37b77f34219f47e83f37c8ef37ce6f3
4818f46911f34174f46da2f376e9f348a9f4460df44318f4
795cf346bef47121f36fccf3441cf47f24f37828f375e0f3
7d8df374f0f3767df37861f36c5bf37779f342bcf473a2f3
000000000000000000000000000000000000780ef37e76f3
000000000000000000000000000000000000000000000000
000000000000000000000000000000000000000000000000
4785f446b2f46b7df377abf348ecf477adf3401cf4794ff3
46b9f46bc2f3756ff37b25f36bb1f34480f47b8cf36a1ef3
6b19f37469f36485f37b1ef3785df37b77f37970f3758cf3
7da4f37311f36dc5f3418cf444f6f46ac5f37497f36833f3
7c3cf35f33f374dcf341c7f47c1ff37f13f349b8f477f4f3
6f6af379dff34162f4758ff34138f4446cf478a2f37c68f3
681ff36f19f37e16f36cecf372bcf3780df36eabf37009f3
75aef3736ff37329f3412df441d9f4660df34410f444e8f4
6a38f36248f3428df46bc7f37632f34898f474aaf36885f3
4994f4729bf369b6f344c5f464b3f37fa5f372fbf37337f3
735df3733ff36516f36caaf371dcf36aa0f37c05f348b6f4
5f1ff36cc8f36f45f37cb9f34308f473faf36f99f37170f3
5b9ff362eff34630f45128f4731bf37921f36e44f37d47f3
6cd5f37b66f34064f4614ef34615f46846f340d7f47558f3
772af373abf34fcdf47cd4f36b8ef37b06f3658af37ec3f3
789ff3739ff3420df466e8f37e32f376bbf37c81f378adf3
7717f34403f4704bf36cc1f36bf0f3781cf36f52f369b7f3
6174f37afdf36439f36ef9f34596f44083f47f52f36a07f3
74daf36379f36c02f37594f3669af36b09f37978f36e30f3
452df46a3bf37b68f37ad9f379eef3754df3425bf46c61f3
40d9f46db8f37c4df37a8af37fabf36840f3411ef476c5f3
77e1f36e19f36cf3f36904f36f6cf34bbbf47855f36056f3
5bc2f47107f3675ef368b0f37b16f37359f346f1f45ef4f3
6c54f34263f47ac7f3770cf37da1f34428f46b15f34afbf4
699cf37715f3731af37543f344d1f4799ef35e6af34c49f4
6ec5f36426f34263f4799cf36e35f374b9f37a36f364f3f3
755af376caf36577f36f7ff3700bf35fedf34d19f4777af3
702cf36b75f3757ef37d17f34329f465b9f3726df34674f4
40d9f453ecf46909f36cf4f37af3f367faf371e8f3763af3
7349f36d1cf3703ef347faf466a1f37d05f37ce1f344c1f4
6b42f371d6f36e14f347aef478caf3429af44838f4738cf3
6336f3798bf366bef37569f36759f37cadf36bcef37e82f3
403ff44267f44539f45bbbf374bbf36878f37fddf3406af4
6756f365d1f36021f36cf2f36ef4f36984f36c27f36a02f3
719ff3413af446fcf470fff340def46073f37ed9f37288f3
4419f446f9f45e48f3442cf476b4f34df1f475f2f3484ff4
7454f379d5f34147f46b6df34562f4671af37472f37f16f3
7104f34382f474d6f36c8ef364d9f344acf46cf8f36ea4f3
4141f44043f4428ff46d25f3708cf36e18f341d2f46c10f3
66a4f350a3f472e9f3660df3415ef46a6df368f6f37248f3
6b76f36f80f344bbf47fe3f37805f370b0f3447bf47e0df3
6824f36e8bf37399f3760af371faf3675cf36b07f342e5f4
645cf34073f47731f34211f447a3f47c57f36f4cf368c5f3
4155f470fdf36e83f3446af46c3bf37017f36cb2f375c2f3
588af37afef3759ef37f9cf35a12f35274f46f45f37f54f3
65f6f34099f47cc5f37ef5f37792f35ce6f37b1df366b0f3
73f0f366adf371fff3445ef464f3f35cbdf37288f37f78f3
6cbcf3787df3764bf34101f4706ff36806f37e38f37560f3
42d8f4760ff365abf34ef9f46ec1f34174f47c88f34f7ff4
42eaf46e8cf3770af370e8f36a7bf3412cf47108f34386f4
473ff47885f3655bf34718f46c7af36f84f37216f37b90f3
428df4664cf34001f474d5f36eb8f34743f46e13f372c5f3
41f8f4693cf36d07f36987f363a5f3428ff46d53f36fc6f3
77b0f37c1bf34390f47285f349aef46d89f3472ef4682cf3
7785f36d93f36238f37191f3410af478fbf372c2f341cff4
7090f37995f34a97f46d7af364b5f37acff351c9f472ecf3
7067f37db1f373a2f379dff36e68f375faf37430f370d8f3
45f1f46f49f368c2f37ee9f345a9f4676cf343b4f44033f4
4814f478f2f3412cf44316f47c6df3437bf4744bf3753ff3
4d46f47e0ef37507f341cbf45dc1f37bfaf367aaf36cd8f3
6f4bf369d2f34a0ef44116f44336f4456af4504df478faf3
4569f46eb8f35086f4423ef47b16f349faf469eef343c8f4
74d3f3725ff34284f47e2df3704af37df5f378c2f36f58f3
457bf46532f3429df444aef46317f361fff37503f37ef0f3
7e51f37e0af372a0f36d55f376ecf36b6ff36e78f37607f3
406af4767ef371caf3446ef44102f478c0f34717f47a99f3
767bf373b0f3529ef472bff37072f37d15f37140f36ce0f3
7b52f37d57f3402df4712af34be7f46692f349d7f46e1cf3
7c13f3686bf370e9f37372f366e7f37123f36839f373cbf3
735cf36714f37bf3f379d0f34680f47e9ff347a7f47178f3
6f6bf362edf3698bf348f0f47801f36f9af37fcef36cb5f3
6b12f37ba5f36251f37196f36f70f35dcbf36c31f36824f3
73cff37794f37bc1f35f77f36861f3678bf37e8df379b6f3
62fbf35b6bf377baf3409cf44f7ff47ed9f379b5f342c2f4
65c7f3420cf476cef34d22f46e38f3446ff476d3f36a03f3
6a55f3754ef37879f373fef36945f36818f37abaf372caf3
6b35f369b1f35721f36b9bf36b3ef3514df46890f34173f4
7711f373a8f34083f443e1f44dd7f47163f376eff342bcf4
713bf36969f37713f36cd8f345c5f47c10f36fe2f34290f4
7395f37067f36fbaf36f8cf370d8f37badf361dbf35db2f3
72b0f3421df46207f37d02f37497f342a8f45c56f343c8f4
4717f4687ef3419ff44456f44172f461dcf3676ff37698f3
419bf4502ff4616cf36af0f3677ef3419af462aff36636f3
7e42f371b9f374f9f378e2f340e2f46b59f34d37f464e5f3
4235f47490f3787af347bff46fe3f35f6cf36643f36a4cf3
0000000000000000000000000000000000007206f37f6ff3
000000000000000000000000000000000000000000000000
000000000000000000000000000000000000000000000000
464af441acf46da3f34196f44647f44497f44e67f4631ef4
53cff4403cf4402ff444d5f47863f349eef479cbf3752af3
41b7f44085f4410df4797af349d0f44fd7f442b4f4407af4
408af445b2f475b6f379ecf34059f440e0f44445f46859f3
440cf44b80f479ccf34a5ef44390f47d4af35527f479ecf3
429df47caaf3531ff47a0ef34577f46c80f34305f47279f3
42a8f47093f34275f44374f44114f445e1f44145f47ebff3
75e8f37fa6f3441af4477ef479bdf37d24f34835f44211f4
707cf3401ef47dccf37c66f340f8f448fcf4759ff34561f4
4882f44355f476c0f37e4df37be1f342f7f44ca8f47642f3
43a0f44712f475eff37980f34301f47ab8f37b9df344cdf4
79eef37dadf3422df4465af445dff446cbf47bb1f378a7f3
794af37dd3f37a7bf34458f4743ef349edf47024f3790ef3
7673f37e6af37e67f3410bf47551f3405af443baf47a62f3
7addf37168f34634f44c41f44486f457cff44276f467eaf3
7310f3433ef46decf34b3cf44188f44022f46db8f3410cf4
7cb3f34532f476c9f37feff3414af46d48f37892f347e8f4
4757f4794cf3447bf4768bf34518f46e88f37b12f36de5f3
42e4f44031f44031f441cef4439cf47691f34f2af44366f4
72ecf34356f4736af35397f4421bf4760df376f6f374fbf3
78d7f3715af37843f377d3f3402cf47224f341f7f444cff4
4248f44949f44e7cf474d0f346f3f47383f37589f34585f4
4791f471f0f345e1f4436cf4759bf34360f44766f47a0ff3
75f5f37112f3411ff4457bf47839f36ec2f3782bf3488df4
43daf446def442eaf47061f34434f44dc4f4725ef340baf4
6c51f37d7ff349b8f47da4f375d3f3700cf34388f44678f4
51fff47f7af341bef44302f44238f445cef443fff4707ef3
44f6f44358f4404cf47143f347a4f47e50f379adf37d2af3
482cf44533f471bff375d9f37af4f35290f47230f37c83f3
7412f3434bf47851f343abf440f0f47d13f37264f3441cf4
4557f44012f4482ff47ca5f37996f3431ef454b5f442a9f4
4d0cf44349f47393f37435f37578f34eaaf47dc2f377edf3
68b0f36acaf37c21f372a7f36b9df36904f37602f367d2f3
5b11f46b7df44b91f555c4f45680f44bd2f448e6f447b1f4
7517f464a6f469d9f463cbf47268f4524df47f91f45ee9f4
5ce3f46ad4f46c4df462a9f47dd8f46e16f46d85f46ffef4
7cb9f372ecf360fdf36e25f37cdbf34114f46dc5f370e1f3
4261f57da8f4658ef45747f45120f44359f44a7ef47ddcf3
68d4f46090f4762ff45479f44742f565e6f54d6af5783ef4
7152f464d5f4661ef45e1af46285f4616af46bddf46849f4
519bf45319f453a8f4624af47d0ef4624af44f49f46230f4
4f5cf46a61f4506bf45b1ef4518ff46738f45935f45c3bf4
4c69f45190f45221f45603f44b68f45763f453bcf44ea9f4
5ee8f4583af44a07f45b46f4607df45db1f44c5ff44d01f4
639df45e67f47114f44edaf44b9af4660df441aaf45062f4
542ff476b4f45cd0f45190f46999f456fdf47a62f45b4ff4
5453f45ae3f4633ef45f88f45d81f455aaf540ddf564aff4
5223f45b71f45679f44c63f45d71f457ddf444fff453c5f4
5214f456b3f455caf45506f447d4f444ddf44625f464a4f4
55d1f45f0df46805f46d6af451d7f46d08f468bff45aa5f4
765bf45696f4619ef468eaf464f5f451e6f479aff4536ff4
692ff44ec6f4527cf45539f453dbf450e2f45da5f45470f4
477ff47877f45d47f455f8f4560ef45686f46ba0f344f1f4
640df4620af46b3bf453d1f46f98f46008f44e62f46e16f4
6da8f47342f44ab1f55329f4626ff4618bf56e34f458c5f4
6291f4503af46483f44199f55861f44dddf4642ef4686ff4
5216f45a09f4624df46254f44903f442cef4728af3465ff4
61e6f44adcf45d80f440f1f5557df466c0f4657ff469b9f4
5363f456a2f4543af4748ef45b79f443d4f4762cf446aef4
5ba5f44d21f44f48f45b0df46eb3f4531cf45460f4544af4
4970f45becf45698f4777af342daf44a8bf442e2f46e45f3
6de3f44994f57430f455bef45dcbf46056f44b88f47d1ef4
647af47b27f45582f5724cf457a2f456f1f566a6f468a9f4
5df8f46e99f45578f4615ff455d8f452d1f445e8f44c7bf4
4e5ef445e2f46acff457b9f450d3f44a0ef44749f463f5f4
77b1f45dcdf477cef464bff4524bf45ac0f453daf44eaef4
7e17f465ddf4424cf55003f4730df44648f5762ff47552f4
6292f460e1f447a7f5577af46706f458daf45c43f4629bf4
4958f45943f44cd4f44e16f44743f44c50f442abf449d3f4
57b7f459cbf47e03f35115f44f2df471bff445a2f44780f4
6d4bf45beff45201f45deaf44b40f449fff4477af44073f4
42e2f55c17f4708bf447cff45049f465a6f46871f447edf4
5020f45c06f46032f44407f54011f450b0f4595bf457e2f4
4c32f47a3ff445d8f44118f462a2f454a8f46061f45eedf4
6d09f4699cf44414f5710ef46d3bf46923f57d2af36d9cf4
650ef45961f472ebf45e06f47feaf4652af464fff464dbf4
58d5f4560df4647af45627f46b48f47015f47789f348a4f4
68aef448d1f4640ff47568f45816f45d05f44c35f45111f4
5b53f4612af46392f35078f454d8f4532bf37e8cf45256f4
42b9f572c0f46387f466cdf47760f45943f46309f4569bf4
4e16f35389f346bef35269f369daf3625cf36212f35161f3
5346f35d49f360bdf352a8f37f25f35613f3657cf356b6f3
624bf35bb7f35406f35312f3622ff35274f365b5f35ed3f3
4abaf3569ff367cff36042f36013f35805f365d3f3406cf4
62c2f350b4f34b26f3743ff3588ef35578f35bb9f34b2ff3
52b2f35cb7f352a5f35faef37aaaf35656f34dfcf35c36f3
5c5bf364a8f3546bf36db1f36350f36800f35cdff35080f3
5b23f36977f36820f34afaf35807f359d8f36002f3706ef3
45e7f348f9f35b61f3523df36439f34ae1f368dcf35000f3
4e9df3660ef3586ef36578f350fcf34fa7f3585af3511af3
50ecf35f35f347adf357fef34db2f34c19f350a0f351b8f3
5d36f3556af355eaf361f0f3578cf3554bf34b3af34eaef3
6b32f3678ff34bdff3567ef348f8f358ecf35577f35950f3
5771f34e0af35930f3507ff35aeff35ed1f36acdf34db1f3
58ebf352eef34cc2f346c0f3520cf35a08f34b43f351d7f3
6a62f34e06f34c86f35cc0f34daaf35256f3493df349ccf3
6e69f26692f24730f3664cf274b6f27ab7f27700f27565f2
44b1f3428df364d1f2721bf27c6cf24923f3420af37169f2
6a33f24982f36525f24459f37addf266ddf26516f2792df2
6ebff2767bf24074f37694f26f99f25fe1f26a38f262caf2
63a0f2433ef370a4f2603bf2756ff26278f244f7f343aaf3
493ef368bbf26ea7f2671ef2698bf244f5f35c0cf273e9f2
6899f25fb8f24c29f379a5f270ccf244d3f37200f24424f3
6ce9f24b08f34edaf37269f26498f24062f36cfef24a50f3
7b8af242a5f3742bf24c3bf361edf242faf36af2f24938f3
610ff27f2cf241d0f37b9bf27111f2734ff241b5f3768df2
787af2603df25b95f27ffcf244aff34592f34062f373ddf2
6564f27c28f2733cf244ebf3762ff258ecf24e7cf36da6f2
67c3f27d66f262c6f27594f26caff2767ff2428df37b44f2
742df279a7f2693ff26391f27c08f24165f342d6f377a1f2
74a8f26ed6f2710bf241fdf34bbbf36821f2546ff37453f2
7a88f26d1bf24d5bf34563f343d1f347fcf36e87f27833f2
72c0f274e1f240b8f37ff3f269b8f249def36ef9f24bd7f3
736cf26d75f25bfef26703f24154f3729df260c8f26697f2
7711f24815f366ecf27ebcf265edf277c1f26cbef26956f2
6d39f26460f26dd5f2466ff340e1f363d2f26ff1f272a3f2
4154f36870f26e8ff276d7f277f9f269c3f24932f3415cf3
6bf4f24050f362edf2703cf24262f35962f2734df26c26f2
7bfaf279c8f27eb6f27243f27843f244e6f3481ff36b80f2
5b3cf264aff270bcf26bb7f24bd3f34472f36b6bf27cfef2
6f38f272cbf271fdf262fbf26582f275daf27774f2417ef3
612ff27758f24cb8f371baf26132f269dff27cdef240bcf3
63e7f27bacf25c84f26d7bf27271f27182f2405af367c9f2
7dd1f26fd9f2772ff26f45f242d6f344a8f36e80f27171f2
46c7f36753f24dc4f369d2f26accf24275f36f9df27128f2
437cf365dbf26964f2493cf36465f2446df3501df3402cf3
6ad3f26c80f26d2ff27bc4f272f1f27765f26976f27559f2
7dfdf241ddf360baf27b2af26fb1f27114f275e2f27927f2
73aff370f9f36b14f34013f440f4f47770f37a96f34c4ff4
7dbbf34330f46b0bf37beff3446af47fa0f34131f4794df3
4761f4731ff36820f3695af3460df44ecbf47ab8f379b1f3
4d47f47781f3798df3721af36e10f37436f344adf47212f3
4216f44351f47412f35f58f34256f4448ff442dbf4773af3
6677f37830f37a54f3417bf440bff46a23f36669f379ddf3
6ebaf375d0f36751f3733cf37f27f36d3cf37b68f341a5f4
7a8bf34b6ff478ddf3657af347d4f478adf3438ff47a48f3
4337f44453f47923f3724df344f9f46f9df3412cf447e0f4
7a16f37741f3611ef3643df36ae5f372cdf37bcdf36a2af3
775ff34504f47cc8f359b3f47652f37bb7f374d7f37a9df3
6d26f37cc0f36d46f37960f34659f4787cf34b25f440f1f4
429cf478b7f37b30f3413cf47b32f343b0f4455af4447bf4
41b6f47f0ff3656ff3716ef36d9df37aa9f37413f3408cf4
41c1f44759f440caf4749ef373f1f37d58f374ebf355a1f4
4b52f46a12f3768df37bddf36de7f343aef47e33f378fef3
7025f343f5f44adff44989f46f4df371eff37f25f3792bf3
44e5f473dff36d61f34df1f4409af47b00f344d9f44fa4f4
6e54f379c1f34672f4416cf4420ef47314f3495bf445dcf4
484af4738af34057f447d3f47d55f37012f36cfef37b84f3
768df344eaf44030f478c7f3700af34008f44714f44717f4
7764f34a2bf4423bf47f66f37a69f37502f347f0f46fdcf3
766df37b12f3652af37760f36919f36d08f37faaf37d01f3
76ccf3647af37396f378e7f34874f442d6f4769ff35fb7f3
4167f47b16f340e4f4786cf351acf477a6f340b0f47ca6f3
71aef3714ff36888f37285f345f7f47c79f36cf9f37919f3
7172f343f9f46fa0f36a33f37413f372acf37e9ef37f8cf3
40b6f463fdf343bff47c1cf3732bf37aa9f37cdaf37660f3
4652f448e8f46d31f372a1f34841f47380f37a7ef37460f3
7542f36355f37d5af37303f36ccaf342a2f46e61f37d4af3
79acf34aa7f4781df3488ef47a97f3662df379acf37a80f3
4061f441e9f441e3f47365f37a6af37886f36256f3790ff3
4a93f45ea7f36f35f34d06f4674bf36edff37970f37101f3
413af46f40f346baf445e1f47ae8f35f3ef36bf5f37d61f3
4f5bf46c77f3469ef444a8f46413f3478ff451dff47d41f3
4748f44045f47b59f371e2f3412ef441c7f44c12f46b3bf3
7069f3685cf34040f445c1f44661f442ecf47c85f341dbf4
427bf442e2f47b30f34086f471eef37f1df36926f351e2f4
6456f34b72f46e27f3445bf47e27f36f9cf340dbf46d26f3
450ef47466f37311f365eef344d5f44243f4785ef37087f3
78d7f36eebf340d5f470aef37b9df37cf9f3777cf36a1cf3
7bb2f3720bf345a7f468c5f37ca0f363f8f3726ef36eaaf3
7b52f36d41f34199f475fef3730df37d06f34480f47717f3
7d53f36f3ef37135f34019f46caef341a9f47aadf3417cf4
5af1f47135f37c14f37539f366caf36060f37984f3771bf3
41d7f446d9f47257f342e5f4455cf44b49f475eef372acf3
47f6f47212f34769f444eef47a33f36e5df341aef47af9f3
786af378d7f37119f344ddf44025f44196f44082f4562af4
4017f447fcf46f68f36828f375fbf34374f474a1f363bef3
6e8ef37c95f34a03f4715ef36c40f3405ef47ed7f36a85f3
5de4f34b8cf4621ef348aff47ec4f36ad1f37a9cf36d96f3
76a2f36ebdf36f67f37159f36bf2f368e6f37593f34d2df4
6a57f349f7f46351f36b7df37bd2f3602ff36a57f367bcf3
447cf46e11f34045f463a8f36860f36a3df34315f44ee9f4
6ef4f34ffbf440cef470dbf36e46f34317f44b0cf4771bf3
6d89f3405bf46854f34327f47ef9f371a6f37634f37f81f3
733bf37d7ff375fef357e4f47caef34650f444a8f4752ef3
727df365f7f37bfaf36d45f37a9ef37c7df34573f46e16f3
79a5f3770af34036f47b4ef37dcef34290f479edf37578f3
40c0f47266f34f74f4735af371c0f370eff3645ff37c87f3
47fcf444ebf476a3f3771ff344b0f47090f3412cf47bd5f3
6742f370edf340b4f44762f448d2f47a96f34367f4774bf3
6bfdf3754af37b42f37ad5f374dff347def446b1f444cff4
7494f3429af44666f476f8f34352f47442f36a7ef341d7f4
69d7f370f7f3507cf45fbbf37470f3778cf34041f45d2bf3
66bef37b00f37b8af34a41f471e3f375a6f3414cf47f90f3
4ee1f47d57f34b6ef477e6f36571f34a59f4729ff3770cf3
6c7ff36b8cf344d2f4679ff379d4f3743af37990f37666f3
7b61f341b0f44bf7f478d6f3722cf37555f34221f4648df3
7f10f369faf34390f478f2f377b0f373faf36eb9f36c0ef3
7db0f36e6bf36d38f36f67f34037f4653cf36931f37894f3
7316f34119f443bcf47b73f36bdcf369e1f3796af36daaf3
6ecef37327f37b42f341e7f46c76f37861f366ebf373d4f3
7269f349d9f46502f3740ff34ddaf465d6f34bc8f46cebf3
43bef4750bf36988f368d3f37a7ef37c32f344dff4404ff4
7d78f37108f37f24f3427af440e7f4428ef470a5f37ad0f3
7f46f361ecf36527f36e97f37d54f37a29f36c4bf36dd0f3
7ca0f374b5f37ff6f34e58f47920f37c62f37746f37bc1f3
449cf44245f45c72f37da9f34084f46dd7f36798f36f8af3
43ccf448ddf47a81f34190f475cef37bc9f3415ff44317f4
7903f344abf47935f36b8ef374f3f37398f3416bf47399f3
7c4af3511ff44a0af447edf47d7ff3628af3414cf445c8f4
6fd9f344f6f46937f37183f34536f4728ef34429f44ebdf4
72e0f34799f47b23f37773f37fd3f3411af47a57f341d0f4
42caf46507f3440bf477c6f37e5df372ccf374b3f36b32f3
00000000000000000000000000000000000074bff37f36f3
000000000000000000000000000000000000000000000000
000000000000000000000000000000000000000000000000
7c8ff37ce1f37af0f37959f340dbf44cdbf46e99f372b9f3
4244f46d57f3405bf47d68f34020f4781bf36979f362bcf3
6db4f3432ff4754ef37ccbf34a44f46956f37c00f37d9ef3
42fbf446caf44a43f441fff44c86f4702ef37276f3653ef3
7cdef3750cf37cdef37042f369a4f372cbf34b4bf44ea0f4
71dbf36ca6f36fb3f360a5f37d8df35259f472c3f3464af4
7730f37261f340c5f46986f37c6ff36174f37c79f37195f3
7d15f36f42f37099f37bb5f37a59f37766f37f05f341dcf4
452ef47863f36f13f37d35f36972f37997f37b1ff34052f4
477af46ef5f3481ff44ebef4726ff3582df4749bf37e92f3
723cf36d43f3709df36ee1f37b68f36daff3417ef470cff3
445df46f9af34053f445b4f47c0df371adf3404ef447c8f4
78d5f344fef46e79f3782df37a47f36dc7f36d3bf37234f3
4ddcf47cf4f36c4bf34642f476d5f37c98f37ac7f34d67f4
45c7f47848f342cbf475c3f3709bf360d3f367def37c80f3
75bff363b7f340b7f46b1ff3400ef469cff34328f465fdf3
7c13f34261f4457bf442b4f47181f349e8f47a41f3735bf3
6f0ef3424bf47bc1f36886f37a7df34db2f4696cf37929f3
7473f34089f47281f34b47f46d94f3439ff47776f34ca3f4
6d42f34457f44500f46ffef3701bf346e3f44570f4420df4
7ee4f349a7f473e5f35d32f47862f348aef47b56f34652f4
76f9f37d32f37faff35f9ef37657f36ad1f3400cf4401ff4
707ef3697ff34985f476e2f37eeff3740ff37d50f36f99f3
40a1f46aadf341fff45276f46e8cf371ecf377a3f37b42f3
7a6df34462f47dcef37865f379f2f36e8bf342a0f447dcf4
49fdf47d39f36373f37de1f377def37345f37b4af368fcf3
49f9f46ca2f34f6ef4761bf347fef47ac2f348c7f4711bf3
6e82f34567f47604f37db2f34322f47326f37823f366eef3
723ef3776bf375faf36fe2f36e8bf340f1f446a7f47223f3
759df37930f37afaf344c2f47d90f3411af46f3df37896f3
40bdf47418f37cbcf346c8f441b5f47fddf3650ff36f7af3
6d28f3720cf36ca3f37081f343d1f47769f37c26f3797cf3
6aaaf34050f44124f446f8f4524df44645f444aff473bbf3
55b3f4773ef3737ef34342f46ad0f3720ef37003f36d39f3
468df47f83f3444df47183f3458cf464c5f37e1df37f48f3
40e7f46ab1f37574f369c6f375eef343bcf44206f470eff3
460bf4676af349ccf46067f375daf342cff465b5f36c5ff3
46c4f44086f447b4f47485f36bfef371bdf342a7f4759af3
43cbf4537cf472e9f36d4cf341d9f47738f375eff3659af3
6b51f36d08f36ffaf37998f375fef36de4f3668af37791f3
720ef379d1f36d3df37d48f36beef36de8f3752ff36aeef3
5c28f34d75f472e6f36d7cf3474ef4716ef3425af45a3cf3
74a3f36b6af3406ef4515af4739df344c4f476dcf3675ff3
7494f3579ef46f7ef34539f47996f34810f478e9f34ae5f4
45a8f47a29f37f5ef34134f47310f375cef37f8bf36f0ff3
4eccf474cdf37efef34419f46ee8f371d6f36be7f378d0f3
7a29f36853f37ab7f374a9f34651f4510af4664ef34692f4
41fcf477d2f344a7f469c5f3714af3411bf47890f36b0ef3
74cbf37812f379e8f37c72f36ceef37346f36f65f37691f3
7d3bf36da5f36e1df341bbf4607ef36eeaf341c3f44441f4
71cff36e9cf36f31f36a48f3796ff36968f371eff373aaf3
71f3f37b31f37eadf36846f37e98f37043f370d2f344d7f4
6d9ff36645f36674f344d3f444d0f444c6f47152f37b52f3
4620f47ab1f342e6f47511f344c3f440a4f462eaf37d2ff3
6440f3734bf370e4f37a32f37d4ff378c1f37bb2f3779df3
6a4bf37a76f34928f46f05f37365f37e57f36fb1f37d89f3
6e4bf371d8f37603f340dbf47d16f37083f360adf37a2af3
7855f36e3ef37f65f372adf36fb9f371eef37bb3f3465bf4
5e5cf372b7f37a75f37cd8f341fef44837f46deef37debf3
793ef35aa1f37c4af37cddf341d2f441b4f44158f477b0f3
46e2f477a0f37f42f3656ef36540f37d28f37785f37dcaf3
6baaf37e76f368eaf348bbf44005f44147f47591f343c7f4
7918f34b7af46f5af37463f34383f46c90f34a88f4452cf4
7594f3701af37019f3742ff34268f47988f37f21f3653bf3
75f0f37ba2f3767ef3435ef444dff46d96f371f3f375f8f3
7176f375f8f343b8f47733f357e4f46b90f36678f37b54f3
752ff3797cf3765bf368b0f374ddf3410ef47947f37a89f3
79f7f34875f442b6f47e4df34271f4724bf37fd8f36dc1f3
4488f466c2f347cbf45121f47723f3746df35f79f37cecf3
73adf34ce4f44f0cf4728af36134f3759df37619f37b44f3
727af37420f36a98f345aaf445fff471b9f379e2f341edf4
7d89f36c60f37bc4f37f87f340f6f4455cf44a58f4601af3
4682f443b1f4715bf372a6f3660df3489df446acf472cbf3
7468f364fdf375def36e6bf34262f47881f34efbf47ce7f3
4805f46deaf36d03f36afcf34314f47b9ef37967f363f6f3
6852f3675ff3686af34805f46d84f3696bf377ecf3714cf3
4794f4464af47934f34104f47165f3415cf446d8f479dcf3
76c5f37618f3724af36ff7f34290f47ddcf34a3ff47053f3
48d3f47d53f366e6f377d9f36b0ef37833f37d02f37305f3
4035f47926f37a19f34400f46e80f36e07f36d8cf36f34f3
41cdf44129f45812f378eef37369f36b3ff34c83f47912f3
6df3f3456df476b6f35855f475b2f3725bf372caf379d0f3
6b38f34209f463e4f379faf34796f47824f36fb2f3692af3
460ef44372f471baf374f3f3419ff440cdf467ccf3605ef3
4524f44171f476b9f37abdf34585f44234f47dcbf34b3cf4
00000000000000000000000000000000000075bcf37f6ff3
000000000000000000000000000000000000000000000000
000000000000000000000000000000000000000000000000
766bf37861f343f2f44545f47a43f347cbf47f78f34ca5f4
7bcbf341aff440edf44c5af47770f35ff5f44534f44d82f4
43e7f45326f47c00f34290f47be8f37dd3f36c4af34585f4
4806f444c1f456fcf4418af447a4f44edff47d04f376b5f3
58d7f4477ef4429bf47da1f373eaf34387f44065f44262f4
462ef4516bf47c78f34203f47a30f37dfdf34364f44701f4
4eedf479c4f3400cf44763f44094f44775f441eff472f0f3
40cff4457ef444cef4796af37efcf34024f4402df471f6f3
462ff47f81f34da1f44c28f47bd5f37e58f3421ef44079f4
4445f44048f46df4f375eff347e8f45024f447bef47dfaf3
4114f44922f47933f376f8f34145f45039f44132f44f22f4
4090f44085f47910f34a79f44c5af45045f4410af47ceef3
768ef37e32f34519f47b5bf3463ef47c4df34215f440d5f4
7e59f378e6f373c6f34518f4465ef44978f47861f34849f4
4395f47acff378b1f34a72f474c3f34346f4757bf37e08f3
4350f44465f47c79f3451ff44bc5f47998f34592f47e2ef3
43f7f44f6bf446faf44f60f47f52f34af7f47fe9f34e64f4
49eef47dedf3454ff4728bf34887f478c0f349b8f4415ff4
7933f379d1f37082f344fef44034f47c76f34303f44471f4
7a2af347c8f4418ef47d51f378d6f37b17f377d1f340a8f4
42fbf44366f4794af342b6f47b24f37e20f37213f343c5f4
76aff342a7f44650f47dcff37266f37478f34912f4423bf4
442ef444dff47fb8f37714f37b26f34afdf4495cf47e91f3
441ff4704cf3477df4755df344d2f4498af4402af4407cf4
4afef44324f4403bf44754f4495cf44b92f47713f3406cf4
4e73f47dc7f3426ff44494f4404af44544f47c81f34358f4
4854f44067f47776f34166f4412bf47f95f34108f442ecf4
7d50f3431cf4752ff36c52f3714bf340d2f4466cf448e0f4
5990f445cef47439f341caf4433ff44956f47049f37b87f3
4b6ff47654f34366f4745ff37ee0f348e6f4482df4418bf4
5531f4444bf47543f37c12f340ecf44e4af443a5f44386f4
42e5f44186f478caf34e50f478fff3468cf44c3cf44ff4f4
7ff1f45b2cf448abf440a3f4491df4470df47ea2f37195f3
610bf44e05f5403df57ce0f4481ef56deff46a7ef440dcf5
437ff544a1f56960f543d8f5584ff56902f45b20f548e2f5
44b5f577cdf47866f45f44f46735f47ddaf44ca7f57f16f4
635df47ae5f34348f470b7f34159f450fff44bf8f37e08f3
6f77f5491ff5541cf5464df5666ef460dbf4663af45900f4
6ef7f45a4ff54893f55cf4f57e9cf44f27f54508f54a1bf5
7942f47847f44432f54c99f5442ff554f5f54f40f54114f5
79acf46aa1f47400f466ccf46cd4f466c8f47551f47104f4
566bf46f45f46bd5f46e4bf46433f46dbff47ff5f446aef5
4e2ff46afcf44ff6f56860f45261f54b5ef45a5af54474f5
615cf44583f57842f467fbf47e0af47deaf46aacf45793f4
70b7f4641df47496f443c1f5793af441b3f54f55f46833f4
7991f441def5624af46ef4f45a36f4726cf46d75f469acf4
6a82f441eff57393f44984f57d53f44df4f569a3f46519f4
6396f45bcaf47322f46ddef4702ff467fef44b52f462f9f4
638cf454cef44105f45317f44177f473fef354ccf3509ff3
4953f569b4f452a6f4602ef466d3f464def4561bf4684ef4
450df55b98f4761ef476bbf45738f44040f46a58f441eef5
4fe8f45710f46c06f47f1df44cd6f54f8cf57153f459c4f4
4a2ef44dd1f44f37f44d9df46c08f35df7f35a1ef358f5f3
46f9f550dbf4413ff5667cf456eff46896f45ed6f458cef4
7096f46d74f45facf45d13f445d7f5650af57b4cf4637bf4
52d2f46806f46899f45fd5f46a13f45dcbf472a9f47048f4
501af457d0f45e1df46c48f4656df45499f45823f4755cf4
5010f4725df44a63f45714f4579bf45630f44f41f456f3f4
6fd7f44d60f455f5f45dc4f44734f46d5df352d6f44a7af4
5717f449acf47589f45636f45f07f4603ef45676f450aff4
50e3f45e01f4672bf44d05f475b9f35c41f44fbcf44cf1f4
7020f44dd8f46319f46a2bf46fe0f46f75f44b51f44faff4
5020f44b0ef47f2cf45624f445f4f57711f577e6f45be5f4
5e79f464e2f45525f457faf44e91f45232f4551df456bff4
65fcf47fa0f45b25f46484f46133f4648af46ec8f45725f4
7ed3f45e93f46786f44cf3f4486df5629af4661ff4587ef4
6ae5f4417df54e54f47ff3f44b32f455c5f56ec1f3578cf4
6a42f469b7f4783ef46b98f46c77f44b92f5740af460f2f4
68f8f44ae4f4592cf46bc0f45c04f45794f44b98f44461f5
5a6cf4635cf46a45f47fbef46a71f4510af46e1bf44811f4
728af46a0df44967f54cdcf46afef57880f3472df56c78f4
4c38f57629f454dbf443e2f5771ef45e69f47a06f449eaf5
5450f4493df457fbf45bc6f4430ff46ca4f452d7f46e88f4
6d8cf47d7cf36779f453e8f46d8df46d12f461b3f45d7df4
6b9cf45e91f4462ff45734f475d3f44174f66b9bf46c07f4
6fadf465cef46243f46c95f46e3ef463d3f458e8f462b8f4
45d5f45493f448fdf45595f447edf44fc1f44ee1f4475df4
6cdcf441fff55a17f46745f45df1f44a13f45a60f456abf4
5d86f4586bf45ec4f47b0cf354b3f44fc0f34937f45864f4
4636f56ad7f457a1f47cb5f46bd7f45d84f4651df4548bf4
7f49f35e80f35b75f37290f362c0f364f8f3793bf3521ef3
55a7f34aa6f35a4af35d20f35e0cf35c28f3585df364b3f3
631ff350c0f36102f35112f35600f35a7ef377c4f35dd5f3
73aef37254f36399f367d9f35ce8f355fcf368acf35778f3
653bf35c92f355dff36dc5f36030f3501cf357a1f3606ef3
7460f37241f3651ef358f7f3562ef360aef36337f360c5f3
5509f35770f34d4ff358ccf36eecf35acaf35615f34eaff3
5773f35261f362a8f34ce5f35f27f35749f35f71f355caf3
56c2f35bb0f349c8f3607cf34bf9f35ac7f35b52f34548f3
7e42f35255f34bd5f353d9f34e77f351faf37560f34a78f3
4c1df35487f36716f36b1ef34b17f35f0af34de0f355d2f3
52f4f35206f355b5f35df1f37542f36496f348fbf35469f3
5760f365fcf353b7f34e21f36b0df34cc8f354fdf35d4bf3
5e26f35514f35936f34f35f34c41f349daf3606ff3607ff3
6a5cf35383f35aebf3598bf35aaff3511ff356aff34d70f3
6123f360a0f35254f369b6f35ddaf35feef362baf352eef3
7c99f26aa0f27323f27e81f26e67f27c10f27844f27bb4f2
7d98f27e36f26f7ff242ebf37d01f24544f37e2cf25204f3
75e5f27a18f27880f27bf0f27d17f27081f24726f36a31f2
44f8f37575f2424cf3404af370e6f27eadf2463df3418bf3
6ab6f24049f3459cf37c98f273d8f240c1f36f04f261aff2
6754f242f4f344fef3760cf248e3f3641bf270bcf2743ff2
4290f37910f27c6df24cc0f34315f3409bf37bd4f24a75f3
4030f37162f244b0f35397f37f30f27973f27dfaf24b83f3
76ecf27bf5f241a8f342e4f37e4ef244bef342c3f3495ff3
6f1bf279d5f2710ef24324f34bf1f36f05f26274f2702af2
456ff34b3ff34053f37512f2775af24683f36534f27f89f2
4c93f344f9f344def37ffef2718cf27feef24859f344e2f3
710cf27ebaf2504bf34841f36fc7f277c2f278ecf26d09f2
46f6f346f6f37bbcf275b9f2426ff3767cf245fcf375baf2
4861f344ebf37aa8f2662bf241e1f36deef27af3f24551f3
51f6f34649f3762af26942f244eef375ddf240e3f34081f3
6c7cf27a21f24047f36abef247f6f371f4f24343f37d03f2
78fbf27dcbf241d2f378dbf27fb3f278ecf24831f3716af2
4ee9f37c82f24915f3690ff24731f340c0f37b6cf24204f3
4571f34131f36c94f27117f24d0df34ab0f34096f34338f3
4a6df37d76f27329f240fcf36e98f263a9f27fedf241e7f3
7363f273c4f27be5f244a2f34ac7f37ee3f274d1f2515cf3
7a1cf2405bf37716f246daf37ba9f27d53f241b5f37936f2
47f9f341edf34127f34295f36f8ff27b50f24cd3f3405ff3
7e8af241aef342c8f346eaf37915f26b10f26910f24e30f3
4367f378b9f27572f27932f241e3f345baf378cff24048f3
46baf34d14f34b75f34134f34384f348f7f37712f2651df2
5766f3540bf34e4ef34a19f37347f26699f2412ff37505f2
4305f34cfbf37b47f24333f37f94f24a96f34b71f34facf3
7f21f24f75f35111f37349f26fd9f278fdf27d67f27ea1f2
7c9af273c2f27133f2461df34079f36f6cf24690f36c74f2
7ba4f24860f35e87f25767f37b6df279aef2778af27ce1f2
6cdaf342c1f446faf4461cf47140f36f49f36c47f34491f4
4146f47513f35a3af4719ff373c0f343f0f4774bf36849f3
7e56f37a61f37c44f374eaf3439ff44170f447d3f46c14f3
7e8ef3719df35bf0f447baf455e5f47a3ef37883f36c36f3
6506f34e38f47ef2f3436cf47cb5f37e07f34c02f4681bf3
50eaf471a0f343a0f44ab0f44108f4691df370aef37bd8f3
7f0af3744cf34582f45264f4421cf45760f47472f369c3f3
6de4f37de0f36850f37a91f34ac8f4769af37ba8f34841f4
7686f34f6ff47bfff3412af44175f47326f34169f47e64f3
40ddf4704af379dff37446f36e34f34659f47f47f37173f3
4ab1f448b1f4534df46a19f37ba2f37795f36cf8f3406ff4
73eaf347e5f44565f4754cf37e0af36d29f34babf47c66f3
75fff36213f37143f37c6cf36f4ef344e6f44dd3f4700af3
7cecf374a3f3622ef3783cf37d5cf37be3f374c7f37767f3
6f0bf34169f4411ef44507f464a5f348d6f46f9ef3721ef3
7905f37341f37163f349b1f4560ff465e7f37a96f34648f4
457ff47385f34950f47cf5f36d11f369e1f37403f37f99f3
73d2f37ab7f37136f34022f44571f441fcf478b3f36a4cf3
7b1df34df0f47156f34022f47663f36eabf34112f4408af4
4ef7f44390f47a9cf344ddf441e0f46aa0f37230f34508f4
6d76f341f0f471a0f36748f370cff37153f37aa0f379c0f3
4be7f44320f443b9f44ea5f47ea2f343f3f47606f364bcf3
7641f37227f34dd8f44520f46fb9f3677af379e8f37208f3
476df4418ef45494f441c2f47e73f35090f44b1bf44259f4
4004f44565f464b3f37496f37aaaf367a3f34b91f47689f3
4db5f4605ff34a01f44167f4416af4780ff3793bf379fbf3
7a7ef37060f348cef44f69f472fbf37a59f37785f34475f4
7be6f37abaf378c1f36c7ef37d1ff34571f47b79f37822f3
4ec0f477f6f36c32f34048f46ab0f3779bf34bfdf4770ff3
75adf355c2f44d77f443aef46c07f34e79f478a1f37780f3
46d5f46793f37ee9f34dddf473dff37a74f377fdf374f0f3
74c6f34905f44218f46a45f37859f3458ff47231f3466df4
792cf37ce1f379d2f370a6f3686ef370ebf37127f34afbf4
7ca6f3799df371bff36b1ef37ad8f37d48f372caf37df9f3
41cff47411f36cf7f3491cf46aa3f34478f47b35f37876f3
73f0f36b39f36cfdf37b1af34149f44346f4645ff34425f4
72a0f35e2ef340b0f46260f344abf44228f47dc5f36a0cf3
42e1f4443ef44aa0f47b1bf37996f36b25f3405ff46420f3
4121f44073f47e0ff37018f379b8f375a6f36dc0f37acaf3
7323f374b2f37911f373eff34331f47fd7f36e18f3441cf4
43b7f47892f370faf37e45f3407ef44207f469f2f366c0f3
44acf47550f37ae7f37478f372a2f37a40f348adf441c8f4
42cef47774f34102f44087f445d9f47cfff342ecf4474bf4
7b8af34a18f46e2bf37cdbf3446bf44081f443faf45549f4
77e4f34372f440a8f46585f342bef460a0f36d8af37654f3
70a2f3484af47d79f371e9f341a4f441e8f473d1f344ecf4
7778f343e6f4421bf476e2f373e4f372cdf3755ff342c8f4
766bf37778f37192f37774f3652bf3433bf45b34f37fb2f3
403df44281f479a3f3454df47556f37d91f375e3f34444f4
7cf8f373dbf378b4f3475ef46d3cf37069f347f8f442fcf4
4876f47262f37daef37d9bf34809f47e7ef372c9f37d42f3
4e7bf47d54f343cef46dbff3470af465fcf37d47f3427ef4
7461f36683f3476ff47dedf347f2f44530f46daaf34183f4
40ecf440d5f44012f4425ef47e92f371dcf37c25f37de1f3
7b77f3678ef36ae2f3417ef47ae6f37843f35f51f477dbf3
65c2f37221f376e6f343d9f4640ef341e6f4435bf4735bf3
7496f34808f47ea4f36448f34019f47478f37eeef3786ff3
63a3f37d26f37640f37d8af379c5f34374f45332f47c10f3
4d2ff4725bf34099f47bccf34fe2f46de6f34858f46a16f3
7b2af368c5f34342f46c18f37bccf37105f341e8f47c10f3
749cf3703ff37ee7f37e3df34902f475a5f37cc8f3734ff3
44bcf44345f475cbf34301f47a9df3421cf446a2f445a5f4
7e83f3490cf47cfef37be5f34196f47efef3494cf46ee9f3
697ef36045f37e19f3470ef46d79f36e8df371cff37e4cf3
4e03f47ef3f37a88f36105f343edf444a7f4674ef37df7f3
7e94f37ae4f378d6f347a4f442e4f44540f47faef37589f3
7ad0f36477f340a1f442a8f46a25f341bbf442f8f4472df4
7f84f37de4f37125f341e7f47619f34be4f442bdf44997f4
6fbcf340c3f472b9f3788ef37b13f34dc4f440faf47811f3
7f47f34f0af47525f36ce4f378ebf34193f44adef440daf4
7c97f35faef34456f44210f47cfdf34dd7f47f2cf37d8ff3
7e91f3740ff346fbf4765ef37ceef37d2cf34317f477f6f3
452ef47b88f37654f34159f47983f369abf34cd4f440baf4
41def44455f4418bf442fff44670f4459ff467abf353c3f4
7cbaf376e1f36433f34312f47ea3f37afcf37756f342fcf4
709ff35f51f345e8f4436ff440c0f44e83f4745af36929f3
6e3bf362bcf377cff378c9f362dcf37700f34635f469cff3
7ed8f34a7ff44174f44651f46ee0f37098f371f9f375d1f3
43a2f46d0cf3471df46eb3f3499cf477d7f374faf37420f3
43a1f4451bf47f6ff34613f46ef6f3763ff36dbaf362a0f3
4724f47832f37cb1f372a2f37974f3483df44339f47005f3
4c75f4738af3702ef3470df444d3f463c2f34fb0f47131f3
4d00f44adbf476c1f37780f34b18f4454bf447fcf44a89f4
4019f4724df37c79f377bef37f25f344daf44c29f478e6f3
40d0f479dff37f80f36da9f37d27f376c9f34218f46d5ef3
0000000000000000000000000000000000007c93f37a3cf3
000000000000000000000000000000000000000000000000
000000000000000000000000000000000000000000000000
63bdf36a9bf34bb6f44299f475c8f37eb7f378adf37f80f3
6d41f36c51f344e6f443b4f46d71f34300f479fdf341d6f4
72daf36e13f37245f370d8f36df0f36b55f3409df47f0ff3
56d1f44531f44061f44a3cf47ff8f37430f370c2f37c4ff3
75c9f34e35f475e4f344d5f46ef8f34577f467cef34665f4
7fc3f345d3f44035f4796ff340dcf47a99f36bccf34470f4
40d1f474ebf37370f37b04f37960f346cff47575f344f0f4
7db9f37ce2f377e6f34307f44dc4f47152f3678cf34462f4
41bcf444f3f44386f47e7df37c68f358d0f47dbef34e26f4
7013f37e08f342c1f4441af448bff46871f377d8f34ba5f4
691ff34764f47688f34563f47032f37834f37972f37c7bf3
6ab5f34c4ef46eb3f349ccf47679f37dc8f37ff2f3413ff4
4019f45c9af340b4f47d18f36de5f374f3f340f8f47f9af3
43b5f46dfef348d0f449e3f44222f46ec8f37cddf341ddf4
7c3af36e97f34383f47d92f37caff36df5f35341f46a39f3
7efff37d29f37d73f344c9f47d31f364edf342d0f4758af3
6d79f3751ff372b1f36d44f37f59f36fa2f3418af4481df4
7927f343d9f476d2f37a4bf34210f46aa6f37a73f344f3f4
42a0f473b2f36349f342ebf44217f47a68f34a11f46b0ef3
49c0f44b71f47441f34249f46f6ff37674f349a0f46f8bf3
75a0f379bcf36d3ff34d72f46960f34ad8f47f51f342aff4
7c35f3445bf45e28f373f5f37eb7f354fbf47402f37a28f3
7064f37af4f3648ff340f8f44963f46462f3526ff47931f3
5909f44374f44721f47da5f34106f44b70f46ffbf37679f3
43bbf471a2f34087f46546f34bdbf44791f441ddf477eff3
7805f34351f46a83f37178f34ff5f44500f4668bf36fe1f3
43c1f47789f37e54f3698ff369aef37655f3450ef44019f4
41fef47b77f37597f343b1f46ea7f3681df342d4f44151f4
6d68f369c0f34087f4408af479acf35055f466bdf34aacf4
6f0ff34a86f4495ef47e00f37ec0f341faf44036f44d6ef4
721cf36c83f34153f44487f477dbf37075f37da6f346abf4
7e61f34f96f44486f47afbf37489f36d6df37dcdf37bd9f3
6f52f3517ef4429cf443bdf4430bf471e5f34ef2f47ed6f3
40e8f47e28f3440ff440a7f44611f46ec1f3419bf450c2f4
720df37df2f3426ff4446af479a4f3749cf37be8f34f3af4
423af446f8f4573ef45d15f44c9ff47818f34550f4731df3
7c96f3405ff47038f346cff440faf464e5f366c2f37be5f3
7bb8f373c8f37950f34085f472dff3424df46bbaf34cacf4
4655f44271f4730bf35a9af44c64f47a59f3442af473aaf3
5300f4566af465e5f343b8f445b3f44e3af4776ef37785f3
45f2f47e4af3547ef47b33f37ae7f37a2af34d43f47b9af3
4336f47ee3f36df0f342d6f47851f37e17f34517f4756bf3
7b89f34199f45158f4794ff34650f46ca7f3670bf37e56f3
457cf472d3f34adbf446f5f46e20f34549f46a04f372e6f3
43a4f440b2f472b8f36850f345e5f4735cf340c5f45691f4
7240f34ed3f4558ff44790f47ef4f374a0f356f7f46a2df3
4a0ef475c3f357b2f46be5f349d6f443a0f44d69f44b60f4
421cf44110f46cdaf34135f46e2bf36d67f36dd6f376ecf3
6f06f343caf47b52f37112f347bef4758af345dbf4422ff4
4b30f4441ff44cf4f456a0f4476ff47225f34220f4406bf4
79c2f37d27f37856f36e0ff34800f47d3df3780ff3734ef3
7e9ef3730cf34802f44190f47b50f37255f37423f37440f3
7a52f374e1f34c59f44bdff44697f4522af44473f4762af3
46e3f4480ff47e7df37151f3468cf47a60f36f48f344fbf4
6ba3f379dbf341c9f441c2f442b0f47d08f3730ff36f23f3
6bd8f377a4f3797bf37f29f34e02f474a0f34463f441a8f4
7b71f37cdcf34081f47004f340eaf44b32f4518af471ebf3
450ef4704af34902f4451df440c3f46e45f37db8f36537f3
446cf44321f47a6ff37b63f34399f45168f47a05f34238f4
538bf47175f373c1f3755df351fcf46e8af341d1f44647f4
7471f340f4f46251f37507f344b2f47ef2f343bdf4771ff3
766ff3790af3779ef35f15f47f1cf34a86f47777f34465f4
43ecf4670ff34284f44832f47b7bf36fa7f36eb5f3480af4
7400f36fbbf37b39f36eecf37caef34652f47b58f37bc5f3
53c3f441dcf4491cf479fcf34cd2f46c93f37a63f370a7f3
4adff44267f44a5ff47184f341faf46e0df370cdf37c28f3
5072f44d1af47f82f34427f449b3f46eb9f37140f36a6df3
492cf4590cf44065f47aabf34194f44028f473c4f340c7f4
6a04f34702f4501af44524f472ecf343ddf46728f34e45f4
4635f4478bf46b64f347f8f47a68f3467af44748f476ebf3
7c72f34416f46652f366def37574f36abbf37449f3414bf4
4696f44683f45433f478def36f73f37aacf34863f44613f4
6728f34757f44277f44b3df47bc6f3422cf446b7f44137f4
724ef37560f37e52f3705ff36fdaf379bdf37577f37504f3
6bfbf36ed5f37764f34195f44a3df44054f448c6f47c64f3
4955f47988f34556f47d49f37b5ef3770ef34125f476acf3
6f6ff36696f342e2f477e4f34cecf46bf0f37363f371f2f3
44bef47f0bf342a4f444f5f44c22f4416ef47d86f36f05f3
7b80f34304f47aaaf34138f47542f376fcf346bbf4784bf3
77bff34c04f44164f472faf37605f3756bf37ef6f34147f4
76eff3410cf47e30f34148f477b1f340b1f47eedf37470f3
78bbf37628f34224f47d97f37d3ff37495f3441cf46408f3
456df44802f47aaff36f58f347acf44666f47c95f348e9f4
502cf448b2f475edf34478f46b21f3693af376dcf3418df4
742ef37883f34107f44694f45543f47ff3f37c8df369a9f3
000000000000000000000000000000000000402cf47260f3
000000000000000000000000000000000000000000000000
000000000000000000000000000000000000000000000000
7c5cf37eacf342fff47ee0f340ecf44914f4489ff44544f4
4127f44903f44742f44b9cf44ad2f44049f47df6f34449f4
7eb8f354d4f44db2f446f8f47031f3422ef45cf9f44dcef4
4696f44b6ff44a1cf44107f45e73f47a07f348eff4428df4
407ff4434df44074f44652f44403f44a52f47e5bf34586f4
7f21f37788f34637f446cbf47973f3486cf45759f45945f4
7cabf34b84f4409ef44e24f44e27f44a1bf44c94f47ce3f3
7ea7f34b13f44a29f4416ff4479cf4417af4496af443aff4
45e0f445bdf44391f47d1ef3776bf37cbbf3480df47fe9f3
5644f4417ef44169f440f3f474d3f34422f447ecf4726ff3
4c5df44bdbf475dbf34fc8f444cbf446eef44433f446a5f4
4348f44a26f4425bf4501cf476f6f341daf441e9f44054f4
4afdf47207f3498bf478d6f34e73f47ca1f352bef44319f4
42acf4738cf3465af478e1f34061f44243f44e3cf47a09f3
7d8df35cb7f47213f358ccf44285f4417ff44179f44690f4
4049f47e60f346a3f44be6f453a4f47c65f34c95f445c3f4
48a1f4795af34297f44048f4409bf44b45f4773bf376b8f3
410af47d09f34090f445aef4751ef37897f35780f47e22f3
7c50f34fc0f477cff345eaf44edaf44769f445a4f445d8f4
41c9f44fbaf45a7ef44298f44530f44a58f442c2f44aeaf4
7a81f37bc4f34cd2f44522f445b0f44155f4549bf44767f4
4668f4455ff446b4f47563f34932f447cdf44555f44a29f4
40c2f44418f44d49f4454ff44720f447fcf44031f47c44f3
4d81f44695f44b1cf45144f473dff34604f44d43f4423ef4
4174f47f45f37edaf342f1f4476bf45194f44599f44165f4
7508f34631f445c3f44d2df44257f47db6f34369f4473af4
45a4f44b20f44cbaf449d1f44272f47d15f34f80f44a98f4
7d0af37d33f35051f44792f445a8f475a1f343d1f475b9f3
4505f44435f44475f44680f44ec6f444a8f446b9f44716f4
465df4445ef441d2f44213f47bb5f3426df44607f44922f4
7ad0f34669f47deaf34774f444ecf45046f444e3f44c1bf4
7a35f342e4f44582f44651f44ec7f44a4ff45951f44923f4
657af46cc7f452d4f4565ff46af9f44648f470caf45e0ff4
5550f47794f45e56f46684f458f8f4763df465d7f4660ff4
6c88f4599cf46f6ef46b6ff4627bf44d30f44914f55436f4
70a3f45ba2f47b45f463e0f45dd7f452f3f463f0f473f7f4
70f5f461aaf44270f55e07f449fcf47aeff476dcf446bef5
4ee7f450cbf459e2f44458f56d23f45dbcf4615ef46927f4
79dcf45af4f4743ef44e64f46ffff44cdaf54235f474a1f4
5d94f45beaf4508af45a4cf454f7f44cb8f447cbf540eaf5
588df44e8ff44a1ff4424af46acff37a44f3625cf35b15f3
5ce6f461e1f4631ef4657ef44febf45776f45192f4422df4
49a2f44cebf46177f4567ef447bff44527f47f69f45963f4
4406f45c3bf465f6f45bd7f46c03f45563f47feef45edcf4
41d6f46a50f4418ef45ec5f47ca4f365c6f372f4f37f11f2
440ff4551af46629f44a36f45679f44a95f44bf6f458f3f4
4c7ff56752f472ddf45ff7f46d95f4722bf44809f441aef5
433af55624f45bfaf44de0f45c51f45677f47623f46f0bf4
5b1ef45dc0f46763f45ddbf44803f442baf44724f44425f4
6c04f44b2bf5705df467dbf468bcf4747cf477b6f45a53f4
760ef470a6f45e91f545c2f56104f45f54f4651df4491af5
6708f4719af46ab7f47e92f45f18f4406ff540a0f55ce8f4
6c53f469dcf449e1f459a8f45356f4476bf45e56f44ff7f4
70a1f45f05f45fd3f45ec9f46e1cf4568bf4686ff4689df4
60a8f46370f4438ef57726f46e43f54b29f571e6f44051f5
6785f46cadf47620f4472ff544b2f57f60f459d9f471b7f4
588ff4617ef45a5cf4456bf46181f44fb2f47ec4f35b73f4
6d85f4743df46913f46852f4698ff469e7f471bcf4648ff4
694ff44724f474a6f47f94f45dd0f46aa2f46bfcf4468ef5
69a5f4446cf469ecf466caf46100f477c8f468f5f45ebcf4
6ee6f45bb1f4584df44c13f45081f45250f45a17f446b4f4
434cf56d9af463f0f46839f466cff46b9bf46e80f47a09f4
457df46386f452b9f461e9f46d32f57d2ef47127f444a9f5
71b5f45537f45f58f4645ef45cf7f46c8af47672f46409f4
7101f466dbf458fef4548bf44b2ff4582ef44ca7f45778f4
6a0cf476c8f35d2ef44332f47f8bf44ed7f473e4f4446af4
4643f541a6f5408bf44a33f4697ff45ea4f5752ff35a33f4
6b0ff46992f45c7ef44060f56dc5f464c4f46e38f46ebbf4
45f0f45252f440aaf45e7bf45734f44ee4f461d8f45e51f4
561df44906f567dcf47944f449eef466d8f44c08f466ebf4
4716f45e3ff4646bf44984f578f8f361def35384f54a62f4
68caf47092f47d77f46946f45da2f473abf4552cf44ce9f4
62a4f46505f47448f46d2cf45b23f452e2f4562ff4482bf4
7c58f443a6f46740f45313f45d96f45272f45323f47dbdf4
547cf46ccbf47475f353aaf45376f54d4ff56963f451a3f4
63b2f46f0bf46adff47226f47e25f473ddf46717f44348f5
74fdf45999f456f5f44316f4483ff4490df47a97f3563cf4
4e6ef478c8f44fd1f4739df46719f4672ff47f70f45725f4
7369f45a1ff449e7f57b4ff45e72f3461ef478c8f3750ff4
6715f4622ef454bbf45e4bf45ddff46b47f47088f46888f4
5d9ff36c81f36a04f35e37f36f71f36861f35284f36286f3
57edf359edf37174f37f88f359def3639df37c19f371b0f3
6978f3690af363d4f36eb5f36553f35d63f367c2f34f84f3
5a1ef3736ef357d8f3623cf36ccdf373e0f36d1ff36f54f3
4268f45cb4f3579ff360a5f36014f358e9f35e49f3611bf3
6be3f36cfdf35f62f360e9f37beff35c62f36a73f35cc0f3
603ff35d20f35d31f363caf34e67f35fb4f363a0f35c89f3
4f4cf35ff6f3709df368a9f36887f35a90f3600df37990f3
67c7f36036f366bef36f50f35cc5f36a40f373c1f354fef3
622ef36443f35c32f3777bf36048f3570ef35957f36480f3
6373f36417f3575bf35fc2f35f27f35cc0f369e5f36335f3
5f36f377f3f350fef3589ef36c0df36186f368e1f378ccf3
4020f46090f35676f36179f3634cf360d8f35f10f36678f3
7415f363ecf35c3ff37f7af35d0af366a5f363d7f36800f3
43def46860f35f7ef36c46f3455df45f30f35c0bf3623bf3
673df35e6bf359cff35cf4f35bd7f377b0f35fb5f35e78f3
549df342b2f34a1df34b71f36c59f24b96f37674f24857f3
4bd2f37f20f24622f34cc4f34810f355f6f34ce6f3585ff3
4721f34597f37fd8f24fe2f35349f34605f37d62f248ecf3
4a26f37fbff27c73f24361f341a9f37c2af25220f34a0df3
475df34560f35837f34c2ff37a56f248bcf345b0f3423ff3
46f6f3778ef245d8f3773ef243c8f34a79f3539cf34acdf3
5242f344c2f34187f34b6df3762bf27f97f24bc6f378b7f2
4cf8f37d69f24efaf34326f34491f3583af34595f374cff2
446bf346eaf37c2af2448df3528ef34557f378dff2514ef3
70b1f26ed7f2734ef247e8f34af1f3425df34307f348f9f3
410bf3446ff347c0f37cfcf246e1f37cb7f24601f34ef9f3
455cf340e3f35570f34812f340fbf35517f345e1f34269f3
55d2f34142f34a0af34d6cf37779f24502f35203f37248f2
47eaf341a9f34f40f343a1f34b1bf371d3f24c63f34350f3
461ef34a26f3456df379d1f27fa0f27a9cf24a39f345c3f3
4af3f3776ef24843f34602f34172f34bc7f379aaf24429f3
4d5df351a2f37fa8f2476af37294f27e2cf24302f34461f3
4c87f37883f27b59f27c43f25e61f371daf27f62f27fbff2
4801f34870f37669f24d8bf34993f350d1f37f9af27e43f2
4167f349a3f34de1f37310f26ec1f24c08f349a6f34449f3
4109f34c82f34556f37002f27929f276bef2424ff34991f3
5650f347def3706af24b95f352c0f3751bf258bbf37f3ff2
51f9f34854f353d1f349bdf34a13f34148f3495ef370e0f2
4800f3557ff351d3f352c0f35012f378dcf24719f37c82f2
463ff34300f3466ef34ee9f34afef34d48f3797af24230f3
7b41f279cbf24c98f344a8f37bc2f2446df37840f24847f3
43b8f3410af34024f3492df379faf2771af252fcf37f48f2
7bd5f24e14f343acf349a5f3409ef34fbcf346a9f34ab7f3
50d6f341bbf37dddf259cbf343d7f3414ff3411ff34b0bf3
4eeef3527af349c9f3402bf35670f37e4df26f92f24ac7f3
444ef3497ff34de6f34858f34613f34476f3774cf2593ff3
72eff25256f37c95f27bedf2440ff36e59f24674f3782cf2
43a8f473ecf37ca4f37422f37965f3476bf4414af4749cf3
79c3f37d4ff34556f44063f47516f34092f44530f46ef0f3
4ab0f46e53f36365f3767cf37fa6f34393f46d47f36ce6f3
45c6f44a43f44411f47adff37c4ef34146f4689ef3726bf3
4b5cf4477cf44e74f47f61f361acf34f0af44267f44659f4
5353f44be0f44101f44c54f452f6f46908f37342f34459f4
41c5f4414ef44141f46dd2f345abf45718f47aa6f35323f4
7f40f37987f37d3ff34630f4759cf34964f47e29f376e6f3
46aff46c04f37e2ef37f86f342acf44722f44b48f475c9f3
41dcf4763ff345cbf44990f44d8df47baff356bcf442f3f4
7a2af37fbdf36d59f34da4f4758af340fcf44ac9f445faf4
471cf44833f47f10f37d41f378aaf3416af479dcf34c95f4
4cb0f445b3f473e0f346dcf44272f47589f37cbff3425ef4
6c14f375b7f34b43f44203f47f40f37a97f341e0f46c8ff3
463df47b50f367f9f37a71f37d6bf36f2af35760f4460df4
4629f44572f46150f37e18f34118f44bbaf446b5f47c22f3
7bb9f34921f4712af36e38f37ce4f37152f343aaf440e1f4
4187f4536bf47cb1f378aff368bcf37262f341baf458ddf4
4c97f44be2f4409df47744f3436bf47bf7f37e22f3427df4
6f16f344dcf477b3f376a0f35c52f444c6f44b32f471c1f3
45ccf47c17f3428ef44e5af47d7ff37275f37f99f37317f3
4a3bf440a9f476b7f3418af4458df47978f3631bf37e33f3
4c86f47375f37fa3f36d9bf34e78f478e5f34d50f446d1f4
7a2ef341fbf4463af456d7f47997f37389f342aef443a5f4
4830f4423ff47dd0f371caf34c4ef44404f44338f4764bf3
7003f3488df47ce5f34887f44adbf47aaff3738bf34256f4
7b1bf37d28f340a3f446abf4781bf37c21f34661f47ad8f3
7053f36fc0f35003f46bfff3454df46c8ef34095f4409ff4
482cf440cef47c00f37473f34655f448a7f4613bf36f58f3
5359f46f82f37a94f36888f37480f37c52f342acf47020f3
4896f46fa7f37616f376faf3779ff35000f47bd4f34884f4
6f73f34014f4648cf36426f37f6cf36a76f3536ef44086f4
5e14f448bdf47d15f34133f45d68f46fcdf34059f45beaf4
7a8ff346d2f44000f4446cf475baf34081f44e0cf46e13f3
438ef44bd3f44031f4779af35299f46abcf37f66f37630f3
7dfef344ecf44539f44953f477f1f342f0f47839f37463f3
41d6f443c1f44354f47503f37a8cf3717cf3586ef44039f4
6841f376dbf37a19f369f6f37ed5f378d5f34315f47908f3
402ff473e5f3789ef343d5f47f42f36e36f37661f37da8f3
4bd6f4444bf44824f47c43f3427ef445f3f47a2bf37795f3
4697f440a4f44039f459b6f47f1af34250f4778ef37dfcf3
6e86f378a9f34268f46acff34328f442dbf443e0f4702bf3
7da3f34173f4785af3468cf46aa6f36bc0f3453bf47079f3
4344f46ee8f37ddaf34484f46e3df37176f37ac5f377abf3
7cf9f341e6f449c8f47c47f34251f47df7f345bcf474aff3
784cf35407f47da9f34c7cf44cf9f44141f4406af47a32f3
4b51f44251f47afff34abaf4728ef341cef47149f37de5f3
46e4f45016f443f9f44192f44748f47fc5f34388f444baf4
456df476a9f37413f367f7f37d39f34141f44546f473b4f3
76caf37124f371fef376fcf36f8ef36f22f340e3f443caf4
425af443f7f4456cf474bdf36d0ff35848f47346f34e6df4
40bef47909f345aff44c75f46c52f34c89f4501ef44855f4
7308f36dd2f34c23f445d2f476acf34081f440e9f44b8ef4
4a41f44a7ef440ddf4765df374a5f342a6f474c7f368a0f3
788cf374aff36d5ef34c41f47e60f348acf470bef34998f4
4ffef45033f475d0f34597f44754f46e21f34712f475c0f3
6f19f3688bf37e47f3772cf3406cf4753df37cc2f36a9bf3
7901f340b4f477e6f34755f476e0f3416af471b7f36ce4f3
492cf44227f47303f34881f46a25f37a55f3737ef37618f3
7b03f34449f445d7f44c4ef476b9f340c2f4792bf3400af4
6d73f34ba1f443ecf44232f47855f3428ff4734df366cbf3
78f6f3712df34020f46db2f37c74f366b5f37a7df377adf3
49d2f44095f47a7af34207f44391f47ebdf3565ff46ddff3
4196f47035f34091f47e5bf346c8f44b73f47f76f36de8f3
456cf4504df47876f373fbf37becf36d81f3449cf44756f4
45c7f473c8f34554f46edef349e5f4705df37621f37535f3
6dc6f3405bf44fcdf4406df44213f447cbf46ac3f34c4af4
7572f376f9f37845f37e80f37153f36d4cf34470f479b1f3
7362f37a19f364eaf34152f4496af47867f35d3ef47cd3f3
79dcf3502cf44551f478e3f347e8f44380f4651ff37985f3
7f79f37763f35499f446b3f47609f372d1f34826f44536f4
4286f448cff44856f442faf45630f467aff35747f4727ef3
4a93f47b1df378fbf3778ff34523f46a52f34b4bf44cb5f4
7860f37595f37f80f34b8ff46dbdf3779bf36fb0f34ccaf4
7d06f342a7f47054f348c0f470aef353d0f46e3df3717bf3
77f2f3786ff341f0f479c8f3417df444aff470b1f34f0ff4
6d35f34592f47585f34ec5f47ce1f3751df3772ef342cff4
46a3f46c49f34417f44985f47cddf37dacf36df4f3722df3
6abbf3701df37eecf376bdf375f3f34755f46a35f3497cf4
68ddf37450f349a9f4780df34066f479b8f34317f44059f4
6c90f3770ef37a88f37c77f34459f4784bf3437bf44a1cf4
6c7cf34a49f44c2bf44046f4436ef44fd5f44019f442d7f4
43adf46e48f37c20f34b1ef46026f3798ff375c4f34303f4
68b3f37d63f3448bf441f8f47f65f37b3cf373cdf345d1f4
783cf36810f37f73f37f33f378d3f37e01f346d3f4745af3
000000000000000000000000000000000000796cf344bcf4
000000000000000000000000000000000000000000000000
000000000000000000000000000000000000000000000000
70adf36f6ff34943f4411ef44345f4500cf44438f47ee1f3
4ca1f456a2f44891f472c3f34a4df47feff37272f3473ff4
7347f37ccaf34d77f47b6bf36cadf37beff353eff47e58f3
7877f34c3af447a2f45a79f47388f34cbcf47643f37907f3
4c42f441caf46dc1f346daf47cc2f34d55f47facf37973f3
4422f444c7f47d80f376bcf341cff445a7f47780f37f86f3
45d0f4508bf472e7f34c33f44168f4789ef35087f4771af3
72cbf3797ff34ef8f46dd0f34463f44093f47249f37bc5f3
724af375cef34491f44c7bf442dcf47416f342b2f4446ef4
7608f379dcf37de3f37fbef37b25f36c06f34d71f44da9f4
7cdaf34468f46bc1f376cff34099f47af2f34164f4756af3
7fddf344cdf475f7f3440ff46f3af37f40f37839f341caf4
7703f3439df44242f4489bf44530f478edf35111f44ed8f4
740cf341e1f47575f3469cf440e8f44397f47ec2f3544bf4
4862f44375f44f10f4425ef4408cf44ec1f47a5cf34ce8f4
48fcf449faf47048f3786cf37fd0f34927f46c43f344fdf4
49aff44612f44014f4774af3461af46b28f34598f47538f3
7681f34422f446dcf476f0f3779cf34700f44769f44d00f4
43acf44ebcf47edbf37ca7f3750bf3795af37a32f36a16f3
4546f47c83f37945f34572f47030f3735ff34a70f46c54f3
5a3cf44398f476a0f37e7bf35495f441e0f44014f4484cf4
798ef37ecaf34100f440c5f47d31f341d3f4557df45caff4
52f3f447eef442b8f443d3f44f04f47bbcf34515f47b66f3
7349f34f20f44671f444aef47b7ff37eb3f376cbf37f2df3
4d59f46cbff35386f474fcf368d0f37a3cf346caf44902f4
4abaf47fb6f3777af34930f44011f443adf4434af46401f3
4cbcf44bebf473fbf346d4f4486ff44e57f44561f4780cf3
6760f37efaf34fb5f47782f34574f44251f449d6f44f21f4
7325f34d67f47a50f3433ff446a4f44168f47a66f377edf3
6b7ef340bcf44730f44836f44aa4f47874f37bbcf370f9f3
4c7ef474e8f37dc2f34634f44421f4442af449b5f444d8f4
7175f34e30f46b5ff37210f3414cf449a2f443abf4706ef3
48a5f44db8f441ecf44afff473b6f37f52f3453cf44960f4
7ba4f354e2f46a15f377baf37bdef34a17f4791cf36d08f3
4380f44731f47c43f34135f478ecf34a1ff44b92f47632f3
4b7cf44fadf4779cf37328f37a4df34b10f44c8ef45023f4
45d7f46b68f34ac0f4715df342cef441ebf44832f44748f4
496cf44b1df47952f34662f47b51f34b39f44427f46c82f3
79a1f3471af47d0ef37093f37086f34e9af44e13f44603f4
4b26f4456bf4458af47454f3519ef4488ef44b2ef47d2af3
42fdf44300f44727f471b8f342f9f47fa8f34a46f441ddf4
4ae6f44891f475acf3731df379c1f34e75f47f35f340e6f4
4497f45802f46a16f34d0ff4577ff478e2f341c3f446f0f4
6f34f3494bf452fdf470aef36e95f37df3f378bbf3418ef4
79a5f3424af47827f3465df441abf471f4f373b8f3461af4
7824f37348f377dff379e0f3746ef37982f34c6ff44568f4
7567f34560f4418ef4407df44ab9f47bcff34b64f44391f4
4188f4431af44497f44390f44212f47ab3f34079f448fcf4
477bf44277f47848f3477bf440c1f450e8f46a3ff3412ff4
70a5f36e70f37ec8f344d6f440d0f46f4ff375c5f36632f3
7238f34792f46f55f347f5f4454af4732af34283f46c6df3
4471f47986f3439ef479c9f37941f349aaf442cdf446c8f4
5515f46f3df34e17f44bcaf45394f47b36f341aaf47715f3
5202f44ee4f4698ff473b1f37fb0f37843f37556f3768cf3
7eccf375faf35324f444fcf440fcf443ebf47351f34addf4
446cf47081f345a8f44499f47b61f34080f44094f44456f4
6366f3463ff44536f469d7f36e27f37d53f37fc7f3525df4
7e34f3751ff3443bf44141f445baf44dbff445d4f44bc4f4
7356f345a1f449e7f475b0f3437cf441c8f46524f363bef3
4214f4797cf3448af474cef34343f4453af44188f4501df4
4775f446c7f447edf47eeff37254f34273f478c5f3446af4
6b38f34787f449ecf47b7ff37819f372bdf377ecf3464cf4
4c4bf44d61f44a2af44d33f44332f4468cf47bc8f34cf5f4
7ff9f37f38f373a9f37d79f37e99f37e92f356d0f47976f3
405df44ac9f44c01f47ac3f34069f44679f47640f36ec9f3
5c82f44659f4713df351c8f477c6f3793bf3453af46e00f3
410bf44baaf440f4f456bdf44a7df47a5ff34a49f475a2f3
50d5f47e1bf343c7f447f5f441caf47faff35df1f441b7f4
5fa3f446e2f44073f443bff4483af447b8f47854f360e8f4
7a84f36e03f34cd3f444f6f47169f36c26f349def478bdf3
738ef34ce2f4780bf37230f34243f44d7cf440e4f476e6f3
7ccef373d7f34f06f44a4bf4410df46a85f3426af44463f4
7a18f340f7f47d6cf35295f476d4f379f7f34c83f4498ef4
76bff370d0f37ed3f34169f44863f476d5f34dcaf478abf3
47c1f44075f46d52f37892f34673f4718df34299f443dcf4
434af448b5f442a6f4431cf444e4f44e60f44996f47ea5f3
7d7bf3703ff34cd8f471c0f374c1f34897f448e1f4429bf4
44bff444bef456ecf44d72f476bcf34359f44367f47b8df3
423af44af7f4432bf47591f34a34f44e2bf44032f44debf4
481bf4465cf47feaf3435af472cef34234f477a1f34ec4f4
455ff445a0f47191f3426df47380f37e1bf344a3f44a14f4
4847f47c49f34568f476f8f375a6f34fddf45200f4415ff4
784cf34514f441d1f448a8f449e4f4772ef346dcf47e07f3
415ff47409f3539af44445f441e5f47977f348faf44968f4
4c27f47ab2f34590f44873f44acdf47a13f34d53f449e6f4
0000000000000000000000000000000000007a01f36a72f3
000000000000000000000000000000000000000000000000
000000000000000000000000000000000000000000000000
4233f447aff44545f44e27f44028f450cdf44059f448f2f4
5175f47d4df345b4f44614f45e47f44baff45317f457cbf4
7ffef34158f4576bf441dff44be5f449e2f44644f44753f4
4343f454eff459def445e3f450f5f45162f44665f443c0f4
40aef44ad3f44de4f450fff47f0ff3422af453d6f47f09f3
4f59f44faaf44b32f47fa8f349f8f47936f34500f44567f4
50eff47d74f34ccbf47d0df34982f4449df44dc0f44313f4
7dd8f3782df35157f44ca1f44bd6f44178f4454ff4492ef4
44eef442a7f445d9f4455ff44fe8f47faaf34cdff451e0f4
52abf450fff4521ef47fa0f3512bf44b40f44309f448a2f4
43a5f444ecf44132f44b44f4450cf44730f447fef443d5f4
4bbcf45569f447b5f4441af45056f445ddf44364f454f5f4
44cff447e3f4462af44797f457b7f4499ef44eb8f44660f4
55b6f44cb6f44512f44e91f45709f451bbf44320f442e5f4
432bf44133f4406cf445bcf44883f44ab4f4467cf4481ff4
4699f449a6f4487df45624f44f2af4775ff37d54f37f89f3
4e46f4456bf47820f344c3f449bcf446dcf44828f44222f4
694cf4432cf449e7f45600f47d24f346d4f44159f447aaf4
477df444f7f452dff44598f443c1f44ed8f45151f441dff4
45f6f4592ef44274f44547f4534cf4526cf45068f44db1f4
4ca7f443cef44eedf447c2f47aa5f34416f47643f3546ff4
52dbf44949f4436af44a40f47d77f341a3f44f09f45222f4
5621f44117f441cdf444e3f446e2f44723f449fff44fddf4
5673f44842f44490f44261f44b6af44878f44d3df44422f4
421ff44361f45081f446dff443a0f444e3f4430af4798cf3
4b80f44b85f442c7f4426df4455ef44bc8f4475af44287f4
4b49f47c87f34e7af445c5f4477cf44c89f44ff9f44f12f4
44fef440cbf44f25f4490af449e6f449fcf443a2f442e9f4
730cf34ae3f47c5bf375a8f34ee5f44406f4478df4541ef4
4a79f47b38f35a49f47de7f37c54f343e0f44a65f4446ff4
4135f44fc5f44fdff44d52f446c3f44a1cf44761f44ef3f4
4ce4f45f8ff44695f47d0bf34018f44b97f45567f44839f4
42aaf5493bf47fc8f46ecdf44b85f553f0f46dd5f45c35f4
6ce9f4451cf541bff54a81f55f8ff46f25f47a2af45187f5
5d58f458fcf44d28f465d1f4617af473c0f461a9f47c64f4
640af47034f44704f461a4f450d9f45fa5f451acf474d2f4
4757f54188f564a7f47695f44845f56002f45ab6f46c78f4
41cef56841f45bacf47f00f46813f46b8df45379f55cd3f4
56ecf454fcf453aef443b3f561e2f560f6f4592af46869f4
48edf460c0f45a29f466e1f45f48f44fbff4601af44f53f4
77b4f366aaf34f6df349f2f37b5ef26a1df278d5f264f6f2
70d3f4620cf46634f45304f44bb3f4781df35234f4524df4
42bbf54adff57d37f440fbf564def448b4f5632ef54ee4f5
7661f459f4f541d8f55337f54186f544daf560e9f5442af5
7780f35504f355cdf34e9cf346fdf34d8ff3751bf269d5f2
5724f5453cf5625bf454d2f45b4af46650f44167f44c1cf4
4566f57c52f441cdf57848f56404f56f39f4412ff5520df5
7e68f4502df54a4bf55b08f571b8f441e6f54475f54c92f5
6696f45a08f4411ff57810f45d74f45509f44ec8f449c8f4
7932f462e5f45f37f462e8f47541f44d8ff45a10f45f27f4
400ff56998f47ef9f4712ef47309f461f9f569eef457e8f5
5d9bf45944f45e41f460b9f440e0f540bbf57a84f44a3df4
55fdf46c6ef45d0cf45de9f46892f45b31f47e51f34926f4
701bf47176f46744f46112f44fe2f462c5f463fdf45939f4
6c62f46056f44180f561f8f44a33f44987f45b10f45becf4
680af44c52f476dff47d96f4533cf47265f455e4f45617f4
676cf44818f45789f458acf443ccf44803f4429af44df5f4
6b95f47863f47083f46b99f44225f56ca3f45b5bf46d72f4
659df46634f46148f460f4f469b5f45d84f55c59f45ca3f4
5603f46237f45abef459f7f46a1af45ff2f45cf0f45be8f4
5da1f443dbf45533f45dbdf450f2f45a3af474cff340dcf4
5284f4622cf45f78f47315f4682ef46059f46337f469daf4
5d50f45a1af472a3f44151f55a76f46fe8f35faff47129f4
6ee4f4690bf46ce0f46253f45f42f46a9ff462c1f46b75f4
6c3af44bd3f46654f45673f4594ef44c9ff453b0f4550df4
4074f5555ff45dcdf45c15f464baf45bc8f46f99f45ff2f4
7c10f462adf47d86f4572bf5734af54d64f46335f45e00f4
5429f57e37f44e7df57910f444d4f55ac5f5451cf541a0f5
4d10f46c36f46ec3f46aa0f44d36f45d3ef47ef3f34efaf4
5e37f466c4f470bdf47237f44846f4585af46bc4f47694f4
4714f57e89f44658f55214f47d34f348b0f5646ef45aeef4
7ba8f44cbbf56a0bf44cbff579d4f46fb9f453a7f56138f5
673af454b0f45eeef470c4f441ccf55afbf464f6f4644ef4
595ff45c28f47266f45177f451cbf460fef47ae0f475d5f4
4bfaf47c7df46834f46545f472e7f46719f36b37f47a25f4
48f7f57b98f46343f46f59f44889f561e8f47f0ef46d5bf4
7593f46f85f4746af45aeaf44de7f45ed5f452bdf44eb8f4
71aaf4780df453d6f445b7f57fd4f453def44ce8f4694df4
7c89f47094f4675ef460b0f462f5f44c6af6752cf46c7ff4
7cdff47d66f44407f563adf47ed3f47535f474fdf45ebff4
47fbf478cbf37847f37c3bf3780ef36e9cf34635f4709df3
4510f44ca4f44d1af47fc1f36c2ef37b7ff34618f47d72f3
40caf44a71f44dd7f46a9ff347fff47d2af353b6f44387f4
7756f3429ef47e5af35364f447ecf4446af443d1f44824f4
7509f34cd4f447e0f44182f4420ff4487df46bc4f37f8cf3
488ef47e60f372eef37c4af37cedf37b6ff341cff44dc9f4
7598f34066f448cbf47488f37d74f379fdf3790ef370eaf3
4c44f4717bf362a8f349b9f442dcf47a0ff37512f3433af4
6858f37059f362d7f37ed6f371b1f36d09f37a00f379a5f3
7664f36c38f37826f36c18f34661f46bd3f343e7f46ab2f3
6369f37c85f37ea6f37934f3692bf366cef365a4f35d58f3
705af34083f44539f471d6f36a53f36489f37471f35e3af3
7e1bf35b75f37364f365c4f36017f3683ef3626bf373f8f3
5a1df37993f346f1f47a03f36ebcf36a61f34a80f46c4cf3
773ff37bc1f37461f37bfbf369f9f379d2f3497af444d8f4
7243f3482df4443bf47a38f37ee3f37ab0f36b14f36ff8f3
50e1f36b7ef3619af3607df3643cf35efef35af7f3495df4
6b2af36686f3673ff37bc1f37717f36139f35d1ef3564bf3
55dbf36f2ef34779f36084f36e99f37efaf349cef4580af3
5a01f35a11f36e8af363f3f3416df470f4f3679af35b76f3
694bf3483ff45f03f358d6f35ad9f37afdf341f1f45fadf3
64dff35e85f364def35f2ef37c8af36c11f3667cf35e82f3
5de1f3682cf36863f3570cf3532ef3655df342e7f4417ff4
7d45f37710f373c9f363f6f366f0f463eef35478f37683f3
68bdf34511f44025f45547f36fdbf351abf36db3f3768ff3
6f46f369c0f3681df346ecf44f37f36c51f35f9ff36101f3
7f60f35b73f371f2f37cacf3555df3617cf36c67f372b0f3
4692f459eff364adf36eb7f361b4f3793ef34029f4792bf3
5beef371bff3595bf35186f3636df357e5f3616cf3458bf4
5e30f351cbf459e2f346e1f44de2f4643df36f35f35bc5f3
7aeef37c74f37052f35693f36749f35e2ef346f6f46004f3
5759f36b71f363f7f37403f360d9f3796bf35429f3545bf3
6422f35db6f366cef35f9af36a88f3519df34fabf348fcf4
5305f359d7f35e69f36889f35c3df35748f35208f35b36f3
75f5f371b7f3600ef37ab7f3593bf358faf37193f36b8df3
55b8f357caf35cacf374edf356d4f345c3f45de0f36715f3
6e9ff36096f360c3f356c5f35242f35f8ef368a1f36203f3
6467f37006f35aa2f36b9cf34dcdf36475f3649bf37b8cf3
5c6bf361a8f35172f35dfaf37669f35e72f36583f34936f4
752ff34240f46966f36dd7f37492f3698bf371a8f35b12f3
63adf35eecf35a96f3671ff36519f35c52f353faf34fa0f4
6ae3f369b9f36cacf36e6cf35844f35f1ef3786df35686f3
6413f35cccf361f7f36415f3728ef35016f351fef35361f3
7bfdf350bef470a3f374eef358dcf37395f35fc2f35894f3
571df365bdf37251f360adf3603cf357c2f36086f36d71f3
6312f3794df36458f35e4cf376dcf353f9f363e3f34824f4
6708f372f5f35692f36bf8f35af3f37053f36667f36190f3
68e8f36bc0f35755f34d6ff45371f36b79f34064f47201f3
493bf4448af44058f477fbf3728ff34294f440f1f46f92f3
5460f4404af478b0f34327f47c04f3468df471c5f34caff4
68ecf340e5f47470f3414bf47be2f36ceaf34127f44bdff4
5544f446b1f448b8f445b4f45366f44aa2f448d5f473fff3
5476f4411ef442d2f47882f34293f44918f47c3cf34621f4
4d9ff4686cf34a83f44779f47ec9f34efff44594f47ef8f3
4550f44281f44149f47469f34db4f44504f441c9f44d59f4
4db4f44b52f47fc3f346c5f46d8af34f6bf441d4f44130f4
7eb2f37a9ff36b38f34d31f47d23f34548f44087f44c9bf4
783ef340c4f476a0f34064f47ae5f359e0f4689df370cff3
438df44c73f44d74f4417ff44267f47f17f34792f443c5f4
690af34007f442eef4739af3743cf3406ef44662f44196f4
4d38f442d4f4479af47e3df34b89f47fdcf3716bf374c8f3
7f0df36fe2f34887f47766f344d1f4419df44d46f44d8df4
4017f47391f34723f44821f4406af445eff4747bf34d7df4
416bf44382f47ad8f341a0f47de5f342e3f47b07f3692af3
7c01f34a83f45c98f4494df476b1f34431f47f69f37867f3
5110f440e5f44865f47cecf35175f44783f44c3ff463d3f3
4262f44081f44a1ef440b8f44fd7f4548df44131f443eff4
7d9cf35f80f47b91f3412ff44dfbf4457cf44275f449e5f4
7ce6f37396f369c4f3725df348a9f44ab7f47932f340c2f4
79e1f343a8f46fb6f3497ff478bdf372e9f34e56f4475cf4
7a88f37585f34155f44ce8f446d1f44433f475baf37122f3
428af4440ef44245f47705f342f0f442baf442c3f44e00f4
4345f47cf5f36ec8f3465cf47a77f37f7ff37c97f37221f3
7ab4f34716f4414ef44a3ff476e2f34836f44a97f440baf4
7c04f342aef440c7f44943f44f5cf4440cf4740af3430ff4
405bf445f4f470acf344bff47f13f34551f466c9f44383f4
6fcdf36e65f35843f47fc8f37fdbf346def449b4f44af4f4
4586f44162f47b4ef34bf5f46e54f34923f4783bf35777f4
4c54f44a1ef47e16f345b2f47ab2f37dcbf35359f47dbcf3
49c8f45625f47a03f36dcff3412af47d0cf374c7f373f1f3
694af375a6f34773f4436ef47932f37e8bf379f1f343bef4
45a7f47d39f378b3f36ed1f37c3ef34048f4459ef4771af3
760bf3432df4411bf44b18f4483af4449bf44bc4f47477f3
78a9f34e6bf47442f37c82f37094f34333f474e0f340ccf4
41a3f44607f44d44f47699f34112f47c94f348aef44353f4
4072f47e88f37b60f37924f345a0f44ef8f4555bf4723ff3
7318f3512ef443f2f4445ef4413bf446a9f44aa6f4461bf4
4ed4f456f3f447a7f4561cf442c1f446dbf47821f3407cf4
4c8cf441d7f454d6f47896f34a46f47929f340bef44074f4
4cfaf473a2f3762af341e2f44c09f44780f47ceff34794f4
4535f476c1f36e9bf342d9f44105f44cadf467fff34119f4
6dd6f347a9f448cef44caff4764ff34579f47c22f37aa6f3
7491f37e67f34a8df441b8f44396f4445df44dadf450bcf4
4641f44311f450daf4568ef44103f448b9f44358f44a4ef4
42cff47654f344ddf469a8f36a2ef37f98f37f32f36fc7f3
4c99f46e31f3443df441e5f47330f34485f443a5f47e36f3
4113f479cdf37fbdf34130f44682f44e24f4736ef350b8f4
7da3f35662f44a35f47ea5f37af6f34689f4477af47c6df3
521af44a9ff46c57f345f4f4489cf46f35f3481ff456bef4
7753f35c3df47dbaf37507f35025f47f1af37f7bf37beff3
4585f47462f34160f47d1df37d07f34688f4579bf46f7cf3
4aa8f47375f37ec6f37fb5f37cf3f348b7f47816f34438f4
4dc4f44e84f4451ef44e7af477e5f37c1ff37f17f36d3ff3
409cf47f94f37850f34136f448aff4462df44f84f47110f3
42bff47ed8f34efaf4409cf47cdff34231f44499f4788cf3
7450f34152f44155f442bcf44525f47c9cf3464af47d5cf3
4305f44c7ff47704f351bbf44379f446dcf44d1cf44f61f4
47b4f47cacf34dcff4751ff37bacf35878f47bb3f34601f4
4b50f47d99f3767ef36edbf34778f47a30f37445f34785f4
4ccff44acff449fdf44d8bf44338f473aff34d03f47573f3
770ef34da2f47b24f34501f44d39f4498bf44061f4724ef3
7f73f37b4af36981f37fd3f37c77f34367f449d6f47daaf3
75f1f37779f34ba2f442d0f4433af47922f370dcf34fb6f4
41faf44261f452a0f47a6af3745df34d1cf4406cf4403cf4
766df353dff455bef47aebf374dff3725cf34221f447f8f4
5688f44fe2f444a5f446a7f4431ef44c12f444a2f444caf4
423ff4482ef47e04f34afdf44e85f44c25f44669f47f64f3
45bcf44b7df47b66f3422ff447a1f449a5f47d0ff34393f4
739af3420cf44714f443a0f448f7f445c8f47bbff345d3f4
40adf4425cf445d4f47f3ff37b64f35341f473e0f374fef3
4e10f457aaf47a2bf370fbf37ce6f34777f478b7f34b8ff4
4973f440fff44b88f44521f44160f46e2bf342b9f47220f3
4788f44a49f449ccf47d28f34422f44659f443bcf472aaf3
443ef4422af47f53f351fef475c7f37896f34a6ef44459f4
4854f47b98f373acf3471ef453b8f44a0bf44384f44d13f4
4baef44256f47389f374abf3515af4423cf4464df4426bf4
7362f345d0f44f41f44021f44557f46f08f376eff34a71f4
776df35467f444daf4795bf3489ff44856f444c6f44996f4
49a9f44880f44024f46906f34192f47279f373e2f34710f4
4389f4414bf4443ef451dbf447eef47310f341d6f44549f4
44cbf476c6f343faf44ae1f4469df47e08f36995f37101f3
42e2f47f0ef36941f37a56f3727cf342bbf44b09f442fcf4
4318f4454bf4403bf47cbdf371e2f3730bf357cff4423bf4
000000000000000000000000000000000000464ef44411f4
000000000000000000000000000000000000000000000000
000000000000000000000000000000000000000000000000
4717f44566f4450bf44496f443e4f47e62f35df8f452eff4
50b1f450aef44481f44f07f44335f4761bf37f53f34d32f4
4ce9f459f6f44b01f47860f37b9ef3763cf37f60f34774f4
47faf441a9f443ebf46aa6f4483df440f3f47576f34e62f4
4324f47da6f3430ef44193f4459cf441aef443e0f455e2f4
5683f47baaf35521f44391f44999f44afef44c82f47c78f3
46aff47136f34388f443a4f47ec7f34907f4763bf3484af4
5441f445c8f47677f3538df44d47f44b59f44352f45ec8f4
4ad5f44e16f443a1f44798f44b11f455f4f44f33f4462bf4
7b77f34318f442d7f44004f4564bf4596cf45329f44499f4
6d8ff360aaf44d9af44e0cf47773f37d77f342aef45184f4
43a8f44945f4506af45057f4415df4528af441fbf440adf4
4969f44521f44754f45468f467a9f34397f45d2ff44c0bf4
43f9f44633f44d73f44d46f4467ff445e0f44839f44ddbf4
4577f478b5f34058f4571ef47de6f341ddf443f6f479bcf3
471bf44905f4789cf3480ef4466df44872f47e8ff34d93f4
6eacf3421bf44594f44ab7f4733cf34744f4531ff47b19f3
42faf478f1f3428bf445f0f44255f45c03f4424bf47868f3
43cef44265f46f7af34681f44726f47f72f35109f4487df4
7b8af342c3f444b5f44eaef45117f4458cf44f24f4468af4
4b6bf4482ff456a2f44697f4472df47533f34896f44b47f4
45f9f47e61f34f9bf44ec2f47f52f3414ff441d1f441c9f4
4d12f44423f4478df44408f444f5f4482cf443f6f442b5f4
6e85f44b0df44284f44dedf46a65f34c10f47cbcf34415f4
416af478e0f350d2f44296f479f9f34d08f44452f47ebcf3
4d40f456d6f44685f4479ef4477af440def451bbf44b0ff4
4d7cf44768f47d31f37911f342caf4557af47a30f37c4df3
4bfcf44b58f45a28f47bb0f37c4ef35ef9f448bbf478cef3
54f5f46d59f34dcff47ab1f3460af44b67f45414f44373f4
579bf46c9ff34d0cf47132f34138f47ec7f34466f47855f3
4a7ff47189f346cbf47d5ff34b3bf44ad5f445cff4419df4
73abf37b32f34470f440a1f4416af444bef44da7f445eaf4
46ecf44e88f440eef44bdff4463ff44adbf47e4af350eaf4
7a87f37b4af35368f479ebf3509af44967f44e04f47f88f3
4eaff44661f440e0f443b6f4780ff34d7bf47dc5f34d11f4
54ddf44037f44725f46cb6f34468f4455af453faf444a2f4
5070f44fdcf47c21f34207f45b06f44457f47d6df351bcf4
44e6f4577cf47356f34f7cf44e4bf44702f441ddf44227f4
48c5f4451af44afcf441c8f44859f45788f47badf3419af4
452cf47d83f345a3f44756f47b8bf34016f45251f47fa8f3
403df479e7f347a4f44bb6f440edf44c09f44437f4778bf3
4aaef47c4df35decf46e37f3504ff46ea6f35282f477a5f3
7c3af34f63f47c32f35039f44377f4464ff44079f4467ff4
75c6f3429df446aef479e0f37ae3f34ca2f44671f47ba1f3
43dff44513f4407ef44aa1f47eb0f34910f44683f44267f4
44e2f44839f44f50f4474cf4419bf44974f44358f4423ef4
738bf352bdf446a5f467baf344e2f473f3f37f31f34a53f4
41cdf44465f440f2f44048f456e0f47c79f34673f445f6f4
43d8f4732df34afdf45475f4498ff47259f34c7ff4443cf4
4539f44ab2f44a93f47ba3f340adf47f68f37faaf3498af4
4940f44da8f445d1f474e3f343f3f45ccdf47741f34583f4
4198f44afaf4794af34565f4799ef34b64f479d4f376f5f3
7265f37e55f3441af4560cf4492bf44d4ef44184f44542f4
4a3df44764f472b1f34506f440cef45058f44031f444b7f4
4db3f447a1f47bfcf34a25f47cb4f34aa9f4442ef47e33f3
7ee3f34d44f44339f44b58f44ba9f441d9f44bc2f47f43f3
5b69f452fcf47d78f34276f443ebf44f79f451e4f44d34f4
40aff44c37f47c81f371f7f342c9f444f9f44166f4421cf4
4acff44479f47e74f37af9f34921f44b2bf475bbf37ef5f3
4255f44028f47bfdf34036f444cff44855f44604f47cecf3
7dc4f379c3f346eef450a8f44dd4f447d8f4424ef44ca2f4
7b03f36f80f34a97f47c0df37d82f37a97f342e8f47203f3
4663f477e6f34244f44bc8f447b7f4475cf446b2f47465f3
4aabf454baf440b5f45b77f44137f46b71f341a3f440d3f4
7997f34823f44232f44a9af44451f44474f44a22f45669f4
47a7f44001f44b24f4469ef443c9f478e1f37c0af3407bf4
42cbf478cef36df7f3412ff450daf4790df34751f47db9f3
4ea2f457ddf44934f444e7f44e23f44edbf4487af47d04f3
41aff47d42f3503df44746f47505f346e3f44437f447b4f4
418bf440e8f45b04f441d2f475dbf3468df441a1f44cbff4
7ee8f37857f34c05f44afdf4550cf47e32f34768f479c7f3
47e6f46c07f34a87f44366f44fbaf47bc7f3479bf442abf4
59f3f4617df442b6f44b8bf44547f44742f459cff4514ef4
4533f44833f4547cf44659f47c92f34d5df44626f47c4ff3
58e5f458e8f476aff340bdf45077f448edf475fcf349cdf4
47d1f47d03f379e2f376daf346d0f4424df4782df3758ef3
438df44064f44fe7f44a4af44ff3f44063f47868f342c2f4
4d04f44906f442e9f44d0ff4422af4498ff443e1f4416df4
753ef372daf34406f440b3f44676f44c50f446bbf446bbf4
6f4ff3421af44437f44bebf44ff9f444a6f45c92f4425cf4
485af44cbff457fcf443b6f4494ef44ddff44a04f441edf4
7e49f344baf47f97f34d76f45122f4783ff34d47f4455cf4
4ab2f44fb3f47698f343c5f45654f445e8f4418ef47e03f3
4038f4479ef4424af44054f444bdf47a17f34dedf447faf4
46ccf44ad2f44f4af441acf44d8df4453ff441eef44b09f4
00000000000000000000000000000000000043faf45fb0f4
000000000000000000000000000000000000000000000000
000000000000000000000000000000000000000000000000
5b6bf446e5f45acbf44a77f44cc7f44accf446b0f44c6bf4
429af450d5f44c7bf44586f44905f450a9f44833f44784f4
5608f44f9cf44b10f4428bf449adf45304f47e0df345d2f4
48c7f44924f44b75f4465ef45699f44b91f4464df443cdf4
4facf44af5f45378f446c4f4440bf45499f453b1f440dff4
463af4472df44941f459a9f444e4f45913f44ca6f4408af4
4715f44e3cf44c13f44066f44ad5f44ea4f4482af44b49f4
46ddf447f8f4551af4525ef452a1f45537f44a43f440a2f4
52f3f44124f44223f44b03f4509af44cd2f44ee7f450ddf4
4adaf47924f35580f45339f44d6ef456b4f44ed3f44d80f4
564af4480bf44373f45563f448bff447f8f44a28f45c65f4
4ad2f47f24f35598f454e8f4514df44f93f445c1f44902f4
5248f45fd1f448c1f445d4f44779f45bf9f45677f4448df4
5037f4423ef45b78f440f9f47987f364b7f44a96f457e6f4
5f4df4454cf44606f4474bf45188f4469df478e5f34644f4
4476f452e4f449fdf44f71f44e15f451e5f44e8cf44542f4
4b9ef455f6f44489f44c87f44b54f44d9ef448e6f4519ef4
4a35f44df9f44fd8f44489f451c1f4458ef45126f45a8af4
4a12f4510cf4465ef44661f44404f44a93f45185f45088f4
55e5f44136f4491df4529df446bdf44cd8f44104f44ab0f4
52e1f45644f461f1f44797f44b8ff4440bf47f7ef37bbaf3
4529f44776f450b4f44ccef446b6f44eb9f454e7f4418af4
4a62f44908f442def445caf4440ff44b9df44636f44906f4
41b3f456e0f443def44eb7f46a76f443a0f45324f445d8f4
4e20f45489f44410f44b9bf450aff44d7af44e30f44c0bf4
6a33f44242f44d0ef44f8ef4505ef45833f447a8f446a1f4
51e2f45354f449abf44b88f44ff4f44c73f45259f45390f4
48cbf45384f44311f44059f44795f44ae6f47fdcf3464af4
5433f45c63f44942f446f9f45b69f4409cf44eecf4481cf4
7db3f360d7f448edf44d08f44f15f44dcaf442e4f4638ff4
4f45f44062f4510df442f0f44297f44b21f44ce9f44aeff4
4694f442b8f4558bf456f8f44dc6f451daf44cdbf44da9f4
5e98f47656f45742f45af8f45265f455a1f453c5f45772f4
66a8f44e1bf460d8f473f0f35350f4635ef474baf460fff4
6539f46d8ff44382f5570af45678f44130f5579cf475fff4
5ca1f45278f4725af46de1f44854f46bb1f47d1bf46f50f4
6826f44b04f46076f45fd8f461d8f45943f461fdf44db1f4
40a2f56bc8f4687ef45bd0f46a6ff459c0f4496ff45fb7f4
6c39f45ca6f455c2f46c15f46239f558eff455f8f54036f5
698af46036f45ddbf46c15f46afcf46ed4f46808f44a99f5
49a3f44a46f47c69f35639f44933f46f1df35bc4f356baf3
63fbf46099f46882f453a6f4575bf46db9f46563f45e20f4
4fbdf44e1af44c77f56667f45e79f46408f46e65f44046f5
5842f46a5df46f6af46b65f46623f440c3f555a3f467a5f4
4887f44396f44bf4f47d0cf377def35dd4f36e0ff3624df3
5e38f4418ff56a35f471fcf4617df46930f4488cf44c08f4
5704f46facf45f8ef47e4cf47c41f55adbf457fdf570ddf4
719ef46c11f4629df451e3f455edf45466f46385f47460f4
4eb5f44d3df47fc2f340e0f4755ef36981f375fdf36d0ef3
733df446a2f56632f467f7f450a7f45467f46016f45ad2f4
426cf54a74f568daf4441df550d0f561edf44e9df576abf4
7c5af44949f54a00f56cb7f44128f548fbf541e5f562b1f4
491df47d47f3695ff34499f4455ff47905f37f17f37ba2f3
46b2f553b6f45f89f4656ff4606df45fcdf44ed5f4533ff4
7b0ef4411ef55cc2f54c34f5607ef54871f65093f57dc8f4
7d58f464f0f45a51f5446bf57acff4438cf56e42f440eef5
64cff47fe6f45151f56ac1f45269f456b8f44f40f45675f4
6d24f44ad9f55c86f4796bf46b6cf4772cf469a6f45d33f4
672af46f4df45fb1f45858f45956f45986f45b5af465e9f4
59d5f46d12f457eff46c39f463ecf468d7f45828f45a8af4
70e0f466faf46418f44da7f465b1f458b1f4531df47f10f3
599af44bf1f440f0f57d2bf476e2f46db8f441bff576a9f4
60c4f46624f457eff57687f44ec4f56380f5412ef56c2af4
6521f46f9ff467cff477aaf4402bf56bb6f45507f4749df4
40fdf473c6f4689bf4631ef448b1f47113f44400f44c03f4
6bd9f44b41f55a16f45dfaf5764ef45798f4564af45711f4
4734f5580cf54cbdf47404f470cef5558df44657f54eacf4
6cf1f46f37f45ba5f56b70f44a86f56d03f47a07f46eaff4
654af4546ff4489cf45d6af45b6af47a54f34bbff44e94f4
643df44600f469dcf4448ef45a1ff447f4f476edf45f7ff4
725af441dbf5433df56343f4678ef347aaf56fcef370adf4
714bf47a41f47e6df4613af45c7cf47b26f46b2bf465aff4
4d20f454aef465d0f44ecbf46153f44ac2f44b7cf45cc3f4
69a4f459fdf4717cf47484f46115f44f88f4585cf46581f4
54c5f540eef544fbf5436bf555ddf56ae2f54376f57978f4
7b06f446c1f5439ff54a2df55bd7f5464af54b99f553bef5
5de7f45406f460baf44cd5f46414f45553f44f86f4535bf4
59f3f4406cf550f8f456fef45d78f4688bf47570f46fdcf4
68d4f47f06f47529f477c2f44802f449e7f46ea0f46ff2f4
42a8f54145f54e26f5794cf44822f5418df57e98f4748af4
429af47c0ff3488bf44076f441b7f45572f44b44f47c3af3
7309f34b12f47903f342d9f47efaf342b8f4413ef441d3f4
78fcf37fa4f37858f348a5f44417f44528f47b7ef37f23f3
49cdf46768f340faf44641f445fff443d7f47f4df341e0f4
508bf44243f4544cf4702df3738bf37c28f37f27f34220f4
7a83f3475cf443aef4469df472c3f345e5f440eaf4475bf4
75a4f379caf3503bf44cbbf44410f47ad2f34d30f440a4f4
4855f44532f451d1f46c1ff3565cf4460ef44676f44623f4
41dcf44ebaf46b60f44620f45695f47b25f343dbf457b4f4
4516f44d0cf448f8f4486bf44f37f47aa5f343e8f44e42f4
4a2ff441fdf44e79f448d3f472f0f346c0f4453cf44d09f4
4141f477d2f34573f441a3f452acf44aaaf4454ff47f79f3
40aff446e4f448b5f44688f4438bf47f3ef3423ff44254f4
4806f44eccf44225f45072f443a5f455a3f4537af4443ef4
4288f44c97f44768f47250f341b8f44001f44ea9f445aef4
5e65f47c78f37d88f350e4f44668f44792f44dd7f440aef4
5c05f35087f45b31f360f1f36734f35b09f36194f36147f3
5f58f36052f367b5f35c48f35db9f37488f358f1f3632af3
68f4f35684f36060f35868f357d7f35da5f353a3f44146f4
4a8ef45e99f363eef35a28f3693bf35d07f35278f369f3f3
63ebf35dacf35871f35787f35ae5f364eef36e9ef35380f3
6834f360ebf36ab9f35b57f340fef45d1ff37718f34a66f4
5961f370d0f36c39f37a12f35311f35975f3717ef361e9f3
67cbf35ebff36d02f36ef3f3799af36d7cf35bfff366bcf3
67dcf37334f3692ff37204f35d86f369b5f354e6f35871f3
6c78f3732cf3652ff37999f37e6af36189f36623f364d8f3
6ad8f379fff35873f36626f36cbef35fd0f35dfdf36327f3
4064f45f64f35c01f36674f372e2f36503f35908f35ef8f3
617ff3682ef366ecf37824f373b6f361c3f35390f343faf4
728af35d8ef37bdef36fb6f354a0f3550ef35d26f36f4bf3
67bbf34f14f356daf35bcbf36be8f36e07f37590f36fbbf3
681cf3796af360bef37b3bf34002f45fa5f36a44f36620f3
6dcff34083f464b5f340def4404ef468fef35d0bf362baf3
67e9f353f5f3689cf36be1f35609f36567f35ad8f36302f3
668ef373a8f37245f372b0f3724cf35986f3612ef37042f3
5a79f36aebf35bf1f367ebf3643cf35df5f35e30f35bf8f3
5eb9f3626ff35eebf35fedf3535ff364aef362b8f35f7df3
405bf45d6af3515af35d75f354a7f35e05f36a62f376faf3
592bf36a02f36141f35c0df35687f36371f36885f37033f3
7b94f35545f369a4f374eaf37d74f369f8f35e95f36875f3
61a3f36a74f35950f36df5f3699df36581f37461f360e9f3
5b6bf377fdf365e4f35ebbf36b6bf36ca1f377fcf36ae7f3
6008f3600ff36cd8f37399f36500f347ddf463b1f36669f3
7e17f363c6f35aa3f3702ef3674df36433f3781ef36be6f3
655af35265f36343f36c87f35d24f3713ef375e7f35e31f3
7107f373e8f36bfaf3653df3645ff37101f35a0ff36c86f3
4b56f4675ef365b8f3428df47502f36fa8f346a5f453dff3
7a25f35c76f362d7f3534cf365c4f36d24f3455af4770ef3
7497f36a9ef4486af448faf449bbf44dd5f44aa5f44ff7f4
7876f34120f47957f34431f4759df34728f44dc5f45678f4
47ddf44ffff447abf44683f44f96f4442bf4483af44d5ff4
4a85f441a6f449d2f45d31f4439cf440c9f441d8f448c2f4
5965f4462cf47be2f37c4ff353b9f44807f45bc9f446b7f4
5105f44ca2f44e95f44773f475c4f3476cf44606f44b03f4
4183f44461f45775f44697f44b13f44284f451b9f44170f4
5178f44e48f44400f47c0ef35bbaf44582f4508bf449e1f4
4c2ef44c31f44c14f45016f4409cf442def47dbcf3485df4
4a81f443faf44938f443baf44974f47ebcf35092f44dcaf4
4b7ff4509bf44cfaf4472ef44b8df47e71f3449af4458ef4
4755f45373f47c71f34a1af477f6f34b5ef45cd6f44601f4
764bf34720f4451ef44165f4521df47816f34c34f44fabf4
53c2f44816f46358f46635f44cf4f44dc0f447edf47b4bf3
4ebaf4518ff4491df4523df47be4f34324f44944f44a4df4
56b6f445e2f446e9f442a4f4717ef347a0f45931f443ecf4
4b3df44752f46fe5f371fef3626bf444c1f47da2f3429ef4
5592f44152f44c6cf44456f449d6f44ae4f44b1df446cbf4
447df44be6f4479df4433af4485af449c4f47e17f349c7f4
429bf441bcf44380f449e0f47767f34b61f44116f449dbf4
4bf0f442d4f44168f46132f451e4f441a0f44481f44784f4
4ab3f45e6df44148f464f2f44124f44c86f4414ef446adf4
4c31f45ad7f452e0f47d92f34f2bf44ebbf449a8f4466ff4
7677f348d3f44f42f45375f4441df443c8f44092f44b67f4
49c0f44eb1f450aaf44e31f46c9cf457ecf44ad4f458f0f4
47a7f47a83f3492ff479cff34270f453dcf44d20f4514cf4
45b7f44222f44269f47c0bf378a8f34c91f44b14f448e1f4
49a2f441cdf47e93f352aef45039f452bdf44157f4456bf4
4fb1f449aef44a28f4528cf46d30f44382f44eeef4516af4
453ef44a9df444e0f4499af44168f450a2f44ad9f44c06f4
47b4f45725f4441ff44195f441eaf4408af45ba1f44923f4
7622f34ebbf457f9f44041f44b0df44374f44c0cf45874f4
446cf44c10f44341f45f0cf45540f4437bf4499bf4493ef4
4cecf44fd8f445cdf452b8f44d40f446fef44e75f44e86f4
41f0f44114f44473f4484af44918f47f2df35804f4475cf4
4ae7f44f75f4499cf4493bf447b0f4439af44ac6f448f8f4
5f29f44895f45819f4403bf47beff34a57f44f92f45026f4
5513f445cff45962f448a9f4436ef44f03f441d1f446c7f4
494df47cf6f35a66f44449f44360f44b5af44f3ff44148f4
45a8f44b3af4418bf44bb8f461dff44cdaf47cbef34722f4
4217f448d3f45769f4455ff47f86f34929f447e2f4542df4
43dbf45383f44f8cf4481bf44e20f448b6f449e0f44c4df4
7f37f34cd7f4787bf34aa6f47f1df341d9f450b1f44cf3f4
41e3f47a57f34936f44067f44739f44bb0f44a32f45125f4
4ecef45c50f445b2f44b5cf4492cf44e59f44d0ff47e4cf3
4026f444bdf458baf44a17f474aef37a45f352e2f45780f4
4afbf44cd1f44641f44567f47490f357b9f448aaf47e7cf3
4a38f44877f452bdf45349f447fef44a86f47e51f34ae4f4
4eccf44bf6f449eaf458dcf458b5f449c0f44842f446e5f4
436bf4449cf446d7f44a55f45d4af45b7af45cc1f44bdef4
476bf441c0f44c67f4416ef44d8bf448c8f443a1f47f8af3
52c8f45909f458f7f458c8f44322f4425af44dbff452def4
4706f47fb6f355a9f45659f440d5f455c2f4405af448f0f4
481cf478bbf35ce8f4417af446a7f446b2f44289f44d8ff4
703bf34b02f45a4ef45127f47a8af347a0f44a51f47897f3
433bf452a8f4589bf447b6f454e8f47d8af34bdef44ef8f4
4852f44649f44108f45727f4634bf444caf462b1f44e5af4
4f64f45a4df47984f34318f44f83f47f9df34541f44b08f4
4661f456edf44d9ef44829f44d96f44496f47f2ff37eb4f3
4737f44c5df45730f4494af44210f44811f44a23f447d1f4
7930f3553ef447f7f45d0cf4511af450b8f44de0f47e0df3
5d58f455aff4493df44d57f448b1f44d7ef4477df45110f4
761ef37b3ff34d16f4485df44ce0f4410cf446c7f44291f4
4ab6f44bdff454abf47f7df3403bf450c2f44b50f44709f4
4335f44c62f4799cf34e17f44e8ff44c01f44271f44c37f4
5945f460f4f475d3f356adf45555f443daf4490cf44940f4
425ef47edbf3431bf44494f4403bf440fff448d8f44185f4
530ef44baef448acf44248f45632f46015f447ddf4563af4
47b6f44a8af45fd4f4455bf4476af44a68f451cbf448e9f4
4906f4423bf44cfbf44564f47704f37478f34a1af4507ff4
7e25f34333f4785cf34476f44336f44fdef47ea7f3767ef3
4230f444bdf47e1ef34788f443c5f44508f463f0f47d18f3
5481f44760f443b1f4450ef44a18f44a74f4437ef447acf4
778bf34561f4599cf449d4f44fa9f4532af44d5bf440a1f4
420af44eddf477c2f34d73f44b66f44133f4718df37fadf3
4708f444b1f44028f44623f446f9f445e1f4442ff45a2df4
4f86f44886f4418bf4465cf441e3f451c5f45498f44baff4
40e0f449a6f441cff44e0bf47d19f34481f44c42f45e82f4
47f7f47afcf36070f4498bf44f93f44ce0f47e83f37870f3
4959f47d18f341a3f44207f446e0f44e77f446acf441d9f4
518bf4433cf454ddf4765ff358d8f44836f448c4f450a8f4
44baf4486bf44fc5f474f2f37afbf35624f45065f4474ff4
5124f44881f440c4f46caaf34121f47ebbf34269f44b1df4
4d61f45c46f446abf4426df44343f4569bf44a59f44ec0f4
4d89f44a46f440b4f46320f44d81f44428f47fedf348e4f4
00000000000000000000000000000000000076cff37fe8f3
000000000000000000000000000000000000000000000000
000000000000000000000000000000000000000000000000
4b95f44803f45462f4625cf44b06f452c1f44de1f459acf4
539ff456a4f455e0f45f98f458f3f44b50f447a3f44db6f4
6aebf45db4f47a7df444c1f44e1ff44ed4f44a8cf452d2f4
4641f44967f44fbff45d00f44cc0f44e45f44c42f451e9f4
5af0f45917f452f8f4442df44d59f44143f4611cf448b3f4
416cf45a52f4419ef449edf44fa0f45c52f441acf44d17f4
7c25f350e5f476b3f34953f443bff459d6f44edbf4540df4
75d0f34ce8f4412af443b3f47d28f37da5f342e3f4489bf4
4a57f4624cf4702af364f5f440f6f4436af47da6f34af3f4
5019f4515af44730f450c6f45625f4752af34f14f44709f4
765cf37fbbf360eff441abf4436cf456fbf462aaf4537af4
7f8af34ad2f44aedf44199f44aaaf4524af47724f351f5f4
4d9df441f0f445c1f449acf45094f44366f456a2f453a7f4
7d9bf3431af4469df4553af454fef451f9f45cbbf44755f4
7911f346bbf466a0f455eaf4442ef44b92f44f92f4417bf4
4a1df47e6df34cd8f46bdff4495df456f3f449d6f452c8f4
42ebf44e12f45399f45b63f4542df448e4f44f9cf451edf4
43d8f449b6f46ef5f44f49f46572f4522ff44561f44618f4
5a64f44935f4488ef45266f450a4f45129f44113f44572f4
5dbbf445e8f4435af44121f445c3f45ccdf46469f47e84f3
5092f456d4f47f13f34d61f44d22f44a2bf46003f44f7ff4
45fef47d4ff351b7f44e98f4781df3779ef3426df452fbf4
573bf44f6cf44895f44d46f458bdf44d87f47f18f370a0f3
4529f45429f47cf7f345ddf4483ef45104f44280f44e08f4
512df4461cf440d9f44b5df45e40f44c05f44cc8f45113f4
4e3df455b9f45f4ff450b1f459c8f44904f44f15f47a18f3
4cd5f44790f478f8f3778df35d3af44dedf47ceaf35bbef4
4176f46d33f3498ef44059f45c2bf45009f475e0f34e83f4
4934f44a8ef45590f44311f453aaf44424f4745bf34217f4
417df4522af44ad1f4450bf45313f44e60f44edcf45aebf4
48adf446e8f45195f45921f445a0f463ccf44eaef44c8cf4
4ef9f4590bf47518f34646f47159f342c8f4440df44be4f4
44baf45cd3f44badf44b93f447acf451c1f45717f440d4f4
4b7ff467dff446c1f4425ff448dcf44963f44793f44271f4
509cf44e95f44100f45209f46f76f3613bf44f44f474cbf3
458cf44c4ef44a07f454a8f44ff4f47ea1f35edff44ab8f4
4a98f443edf46c0bf4479df44906f47823f34132f44a3af4
4a22f44d47f44884f44f44f442fef47f61f373f1f457a2f4
4350f44f1ef4414cf44bacf44d92f44694f44a0cf44b2cf4
4d70f4478bf44932f455aef4780ff34271f4460cf45145f4
4666f44fe6f458f9f47989f344acf440cdf45395f4493ff4
41ddf4476af4464df45fcdf454a0f44450f45fc2f44cd7f4
4f8ff44fc4f44263f44878f45274f457f1f44280f4559ff4
4c5ff44d5ef463baf47adef35a01f443dbf448b6f468a1f4
5dedf44bc6f4539ef45cdcf44454f440faf44609f44b22f4
409af477f9f346d9f47a18f34c7cf44642f44888f44194f4
7a23f34d24f4528cf4549ff44da6f45f0ff44894f45fb7f4
478af47848f344fef4497af450a6f44b58f446edf45298f4
4685f47287f37dfaf346b2f4447af45a2ff45cfef44812f4
4bbcf4463cf443ebf45beff47e85f34860f4539ef4789df3
4bbaf4498ef448ddf45493f443ecf47d38f342b3f45ca5f4
42c8f44334f442d5f44bcff44f4df44292f44123f445acf4
53d5f4495bf44d2df442f6f44f19f479aef341c5f44b22f4
5147f46032f45a76f44ba0f4410af47c18f34291f47f7cf3
4112f45adcf44642f4409ef46539f44b30f44c25f4640ff4
4b49f44fd9f44dd4f45c29f44db0f445d9f46899f44fc5f4
45daf4654ff444bff45bf5f447a1f47cacf34ef6f448e8f4
5c7ff442c3f44e7df4496cf457bdf44900f45c38f447eef4
509bf44757f45d51f45846f47a30f358ddf44909f449f1f4
4b5cf444bef44b9bf44504f45cadf45893f446faf45dc5f4
7c06f3515bf45f1cf44361f4576bf4475ef47c53f342bcf4
4f21f44902f467d3f4732ef36404f44f1cf457b3f44e25f4
4ae4f454bcf44349f46c28f453fff465aaf453b0f4434bf4
43d7f44792f441caf451fef44885f4520df44f65f44703f4
68e4f45efbf4486df47dddf35bfaf449fef45173f44570f4
516ff44a1ff443f4f442d2f45327f44825f47664f34afff4
5c80f450aff46134f45a43f4654af473e5f34754f44c50f4
4820f45187f47fa6f34ad9f457f3f44139f45093f44a98f4
4541f44deaf455b1f44220f44e2af44409f4496af4494ef4
4c3df45b58f448c4f4606af45759f448c4f47b44f34159f4
5cfcf47169f346c7f47128f37ce1f354fff47566f44411f4
5881f44952f44206f44ee6f45628f4559bf44dd8f46a2bf4
5497f44a2bf445ebf45272f4472df45514f46548f45582f4
5a68f45069f44861f47fcef3423cf44fe1f450f2f449f0f4
419df45248f449fbf44fc3f46430f44a56f44bebf44839f4
5478f44048f443cef443d6f44a3df45cb0f45548f44f63f4
4de9f4786ef351cff44a9df45b8af4513ef478b3f34a6ef4
5e39f45ad5f44be9f45bc7f451a3f45e67f45a0cf44d0ff4
514ff460c1f4526df44b10f45ed6f4529cf450b6f44937f4
4de8f465abf4472bf44af8f44c55f45ad6f45847f44638f4
4bdbf446def479d6f356e7f453cef44116f44b90f454aef4
642ff45158f47d8df357fbf47f28f3469af4421ff45135f4
5967f45260f44f00f44c2bf453e9f44272f44916f46fecf3
5779f44c80f44d34f44c30f44d22f445eff46166f453c5f4
4140f456adf44abff44adff449e4f44cdef47dc6f36a5ef3
0000000000000000000000000000000000007d53f347b7f4
000000000000000000000000000000000000000000000000
000000000000000000000000000000000000000000000000
4c29f44edbf45890f44e96f45e95f44d44f45493f44248f4
4880f44bc0f44b50f44ad5f44d20f44823f45ccff44a18f4
4c0ef452e5f44adaf44a66f455e6f449aaf4544af4522cf4
7526f44a8cf44eacf45658f4501af449abf44be6f45985f4
5bcef4456df45068f44c61f44412f45c69f44d22f44daef4
4e47f448faf47919f34c36f448bef47139f449eaf44dc9f4
6098f4582bf44637f45d62f44d76f44bbef4546cf4428af4
52b5f45703f44808f455b6f45b0ef460def443abf442e6f4
5ac7f447c2f4557cf44a48f46333f45547f450aef4482af4
55d7f44d83f44816f44b8ef45da5f44f87f44d35f44f5bf4
470cf454fef44b8cf4503bf4409cf4483cf44ce2f447c3f4
5d0cf44738f4561df447d1f45be9f44d6ff450ccf452caf4
4c15f444f0f44c6af45917f4537af44beaf44963f44333f4
4b74f44d2ff44892f44b50f459bff455ecf44a99f44b78f4
44cff452d5f440e2f442acf4409ff44d34f44c80f45af2f4
49cbf441f3f45695f4404cf469d2f45240f44669f4487bf4
49ecf44a99f45155f4555bf4448ef4463df463aff45790f4
5424f44fb4f45804f45929f44c5df45f95f44795f44d08f4
629ef46950f45589f4471ff452cff443ecf451a5f4612cf4
45b6f45133f46a35f443ebf44b12f46230f44e49f448bdf4
4a22f456f8f455caf44de1f456a6f4538ef4562df45b5cf4
5dfdf44606f450faf44df0f44e6cf44be8f44901f44faaf4
48ddf45e08f44cdcf455faf4586cf44850f45b43f443c9f4
5376f44c12f44a7cf44e2ff45222f445def45af4f44ac3f4
4c35f44beaf4548ef4548cf451cff450f5f46440f4583ef4
64daf44fccf46375f45208f44cc5f448b3f44665f468a6f4
48f0f44ceaf44805f449b6f440d2f443f3f45246f45a4bf4
5096f457b3f44cadf45273f44dcff44255f4463ff451b5f4
54a3f45cc3f44f7bf45cb3f444d4f451acf4534af445aaf4
4ac9f44449f44b32f4446af452aaf44838f44c1cf44ae1f4
4eabf44a79f45749f44f56f4515cf44de1f45436f45057f4
53a0f45035f44d14f44a1af455e8f45792f455e8f456fcf4
5153f65129f65144f650fbf667d9f4470df56b76f4510cf6
42b9f54ad5f540e8f55201f65e08f54841f64635f6471ff5
7a1ff54116f5520ef547bef540bbf57ea7f4764ff45116f6
5121f67800f4511ef646bef5456af54ba3f5472cf55c0ef5
7a56f44277f5422ff54b47f54d3cf558fef57dcff44194f5
7f03f47b5cf4778af446f4f54a45f57cb1f47b5af47d59f4
4a71f54f36f56b68f473edf47cf8f4603bf46c98f441a8f6
4825f54ffff5510cf544eff54ca3f545f9f5673bf4457bf5
4321f57a1ff442a6f54807f55e62f548baf5428ef55442f5
4d3ef5515ef54eb9f57daef455d6f547f5f5473af54f53f5
4138f542aef543a3f56060f555e0f550abf649def573caf4
45e7f54537f54146f55894f55011f546a7f5471df57828f4
47cef5454df54d6af555b8f552a9f553aaf553f7f56da5f4
4064f54953f541f3f55298f55c04f54151f54189f54d72f5
465bf55f03f547b8f54ba8f54c09f55600f55ed2f55968f5
7fbaf44e75f55019f5562ef557baf548c2f54aa8f543b7f5
564ff55463f556f8f54ccff543b2f579cdf44774f548ccf5
7e0af47f98f44059f555d7f54946f549eff54871f5717bf4
4312f57cedf4404bf57ba4f44d74f54a67f54512f545a2f5
5442f54db2f5738ff447e5f54b20f55581f546c7f57a69f4
534bf5449cf576e4f4457bf54c49f57de8f44690f54ffff5
76ebf4463df5646af574ddf44fa3f5721cf44c66f5451af5
516df57105f455c5f57cf9f44219f54292f549c0f54e19f5
481bf54a9ef54906f54cbbf572b9f4427bf57b6ff444a9f5
4567f543baf5436ef57e9ef44230f54d2ef54754f551fbf5
4894f54bbaf54e9df549bff5484bf54b2ef542d7f5541df5
4033f56424f56009f54599f54755f5435ff5486ef54831f5
43f9f5419af57f83f44f6bf57ac4f44b88f54da6f5730bf4
6f6df45324f54351f576acf45413f556c4f5733ef44d6bf5
4f4af54166f54b7ff54b42f54c25f54d7af54b4df54fa8f5
551ff54640f558b1f543c5f6462ef5789cf44d58f54790f5
4363f550e7f54efbf548c5f54564f54bdcf541abf56b8af4
4579f54072f57fbaf4436df54fe1f54d03f55e3ef548faf5
49c2f54754f57a2cf4707bf45115f54bacf55c41f55682f5
7831f473eaf44412f54474f540b9f54ac3f5787ef4733bf4
7752f452f7f54691f54955f54370f550b6f54ea2f54258f5
5473f54016f5421ff5427df5743ff4421af54cdcf546c0f5
4a19f57f4ef44154f545b6f54c50f54c15f57361f44a64f5
483af551b1f550c6f5441ff576e9f442dcf541f6f54223f5
4ef8f57313f449def54375f55767f55a27f542eaf54cedf5
4794f57693f446e1f551f7f5510ff541aff54676f57707f4
7a39f54bedf54806f54992f54649f5545ff553c9f55547f5
7230f450f6f5489af5452ef5742bf57f7af4433cf57f58f4
755bf45198f54986f54499f54441f54d62f57a36f44dedf5
4403f567ecf4520bf54ff9f5427ef54465f54aa1f54bbbf5
7ae1f4414ef551d0f555abf540cef55d07f552e4f551daf5
450ef548c7f54c07f54f27f57e82f47d2df479b5f445bdf5
6a25f452e5f550def54868f54a4ff55031f54164f55c64f5
49e4f553bdf5510cf64ddff541bff57864f44c23f55410f5
4969f550eef54751f550b3f5416df57acdf4532bf57d76f4
4382f576e4f44ac1f57211f45300f55341f56c15f45f64f4
40e7f54da9f577f0f44cf2f54b0df54fb1f549b9f546f0f5
4cedf56f3af44cecf54368f5437af54853f54d08f56e18f4
72bef44311f55113f56056f577d4f47a9ff44ea6f54ab9f5
506ef54525f552d1f54d02f54266f57e1af56f38f44dfef5
55e4f54096f551aaf65af0f57b0cf44602f5524cf544edf5
47c7f540e0f5466cf54274f550aef54677f54532f549fdf5
41f3f5436af541adf652fbf54d3cf541bef54be9f55445f5
478ef546f7f54fcbf54142f5531df57a3bf45ff2f571bbf4
7474f4774bf44524f55696f54501f540a3f54790f541eaf5
535af56d32f45305f57ec4f45015f646e8f55187f65422f5
4a36f549c0f55888f54640f57ce3f45055f54968f54858f5
7d1bf45774f57353f46979f547ddf55226f56dcef44175f5
4bbef5558ef552fef578daf47cf2f46328f45dadf57e56f4
4210f57bcbf44b0cf6465ef55c96f570eaf44b05f54f39f5
5171f54bcdf57120f47036f47682f4472bf54795f56f5df4
6615f54f18f54525f552bcf54d0bf5496ff543b1f546dcf5
4836f54046f56ec7f4497ff571bbf44e6cf5724df44441f5
5eb6f549a0f54bc1f5440cf572adf446edf569fef54540f5
7fcdf4498af654adf57f86f46f06f44b38f54843f54573f5
46a8f54fd0f5549af56d84f55ebef5507bf6433df57d4af4
4950f571f8f4448ef54acdf54c44f57a17f45ebdf54473f5
73abf449a1f5446cf544c0f54034f57c40f4488ff550ccf5
4989f57f29f45a45f453b0f57ed3f448b0f54e05f5542bf5
4e3ff545d9f541b0f57dc9f444e3f546c3f54460f5448ff5
46cef54ce0f5495af5494bf5534ef57601f450c2f67b47f4
4667f5575af5509df5487df546d3f55032f54953f57c10f4
4725f55abaf54312f57428f55e6ff552d5f5420ff55146f5
5904f544f1f57e1bf4440bf55784f5473af54248f5572cf5
4858f543f6f56e4ff473d5f44da0f57f45f44eb2f57c28f4
4be4f54bd2f548aaf5425df5558cf57c1bf449eef549f5f5
4de2f54a24f54bc7f54d9cf54675f545cff54046f5469df5
50a0f543f9f5438ef54477f5511ef649a8f57a59f4406bf5
5141f64aa3f54ca4f55f78f5540af54a90f55ab4f549e8f5
7fb8f44613f54e70f57756f44961f575edf44c58f54093f5
4541f561d2f54281f5512cf64de1f54b31f57deaf44633f5
50d2f5420bf55680f54cedf5427ef57f09f45409f54183f5
5316f54458f548dff55a03f55006f578a4f456abf54193f5
6712f54896f57ce7f44091f67930f44fe6f540b4f547fff5
4cabf57eb2f474cef44bdef57e7af4459ef55c5af54531f5
76a8f44f16f56fbaf4403ff54254f54f9bf674aff4779af4
571df54603f55939f57fbdf451c6f57f32f45129f546f6f5
456cf5446df55c59f5420ff54edff57d7df44034f54245f5
7581f4459bf54462f57d97f54297f54bf8f55d82f54259f5
64b9f5488bf5488df54d16f57b9cf44d47f56ef7f442eef5
45cbf54563f54ce4f55011f540d9f5445bf54312f545dcf5
436ff55797f579cff44651f54d8ff54a97f542cff5421ff5
5ec6f57eacf44a11f5511cf67742f47235f4599df5455cf5
4dd4f5487df5472ef5509cf54e11f54563f55969f541aef5
7beaf44730f54859f54459f57ef3f4511cf551eaf54322f5
7cb0f477bbf47acff44250f545c1f55ab6f5474ef543b4f5
4a71f676d0f44065f57c46f44012f55143f6459bf57d08f4
4a86f54066f57377f54544f56a81f44a26f54e38f54800f5
4755f547adf5463bf541b5f5446df555e0f568bdf54a49f5
50fcf578ecf440f7f54da6f5599bf54444f5578df565c4f4
5046f55720f54bd6f54fb5f559bef54b82f54ce9f54bdef5
46fef5421df559eef54139f544a0f54a06f543faf54256f5
4565f556e6f54eccf54985f55900f54718f54069f55161f6
4092f54784f573eff448baf55091f5484ff54233f54e8bf5
4edef5442df5417df54a79f542f1f575f7f44d1cf542c6f5
45caf542c0f548d0f548eaf549bcf5406af54896f54b99f5
69bef44413f56cacf4513bf5422bf55885f573abf47e7af4
41f5f546c4f5531cf54928f548a5f5476ff57c26f473d0f4
7736f4408ff54ea4f54b61f57b7bf4451bf542baf576bbf4
491bf555ccf55571f55c80f5431af54853f543ecf54904f5
50f5f6490ff5577ff57561f4510bf651e8f542edf54612f5
4606f543daf549eaf54badf57bb6f440fbf5432cf547a4f5
4613f54df7f54c78f54fbbf544e7f57e86f44590f54d4cf5
482bf5768df44d75f5609ef55ff3f54186f548daf541d4f5
6f12f47dccf440a4f54cf1f54d9af576daf47e75f44248f5
4a46f559d8f54685f54dedf579d5f445faf54e57f574eff4
50b7f57a3df47c07f44c64f54788f54a5df545aaf54fb3f5
7fa3f475e8f4454af56bbbf44aabf540d4f54971f55669f5
430cf575eef44a6ff55020f545ebf54bc2f552a7f5598df5
4f62f5504ff552cff54d91f57526f44230f5439ff57c12f4
50e3f6687ef44c09f5798ff4436df54872f546a0f57a5cf4
4d57f54cddf547c2f54c3ef540a3f54ce3f54181f548d5f5
4767f54e9af5748ff449e6f5400cf547b8f54e17f548a5f5
6e40f443bcf54337f5484ff54747f549eff55184f65140f5
4a46f547e3f5469ff54970f54ac3f542f2f5410ef54500f5
4dd1f5466bf54525f540d0f551e8f56adcf5437df5464af5
44eff545d0f54188f5515af67d0af4785ef44439f56efdf4
41ecf54cc6f574a5f44e33f66b2ef45917f54205f57050f4
487df54511f57ed4f44057f55b99f54bacf540d5f5441bf5
4693f540c6f54790f55d43f5484ef54917f572f5f44315f5
6205f450a8f5477df57ff3f47c3df444faf545aaf5700df4
4b72f56092f55f20f55234f54861f54a60f550eef54528f5
49bff54a77f54975f54588f57746f446d2f54dc1f550fdf5
59e1f54d58f54c4cf568eef5646ef47523f442bef540cff5
533af55137f661caf55c68f56670f56f56f44a9cf547e8f6
43b3f54405f570f9f44684f55e36f540b4f54cfef54baaf5
5147f54d75f5499ff5759bf44f17f548e9f56cedf44bdcf6
68c0f443f2f550f3f54fd7f5424df57910f4453df54507f5
4e38f55bfef54392f552b7f54057f5774bf44857f547def5
49b7f56a2ff542f4f548bdf5417ff54b82f546e1f54753f5
4b70f549edf54fbcf54e8af54562f57537f44207f54e4af5
4b7ef54ed0f552f6f57976f44aacf577d4f45ba5f54767f5
4eb8f54924f55b4ef55afef544a8f54c0ef54924f543a6f5
7a6af44e46f54a2cf54467f542e8f54be4f5515ff6741ff4
48f6f55768f54648f57ed6f46dc0f44697f56778f54000f5
4b82f54382f54a2cf54ae1f54b92f57411f44990f544d2f5
7c3bf477c0f446ccf55541f54346f5499df57c4af45155f6
79e5f47382f44e8ef549d9f57da0f4531cf56ee7f447b0f5
439af54953f540e8f54a2ef544a0f54ed5f57990f47e0af4
562af54138f5778ef44481f544b7f54faaf546f1f550d9f5
4073f57903f445e3f57181f47a7df44404f57e44f452a1f5
4b47f54213f54874f57ae5f4678ff5511df645daf55c88f5
7bc4f445b0f540abf55b8cf576ddf44fd1f5522bf54140f5
463af55123f64a0cf54401f54fd7f5509ff54a89f5478ef5
533ef54140f55a63f54827f54c52f54847f541a2f55148f5
7f52f44485f557bff4535af54caef66dd7f44c85f67950f4
7650f441a2f54017f545cdf548daf57427f441ccf54ad7f5
7b54f440a2f54384f54bb8f56a7bf44e98f57a64f450dbf5
7668f451c6f54c79f56989f44636f55104f6446ef54295f5
4103f54669f54c5bf546e2f564b3f548fdf54c6bf57538f4
7792f45473f544e7f54303f578a6f4613bf543e5f54bacf5
4d45f54aaaf57ee4f45775f57d69f47927f46209f57795f4
45f7f543d0f65094f54d46f54f1df543a9f560a4f55202f5
7ad5f44b72f54cbef5474cf54232f550f2f64125f543baf5
5802f57608f44636f55aecf54aa8f558fcf541f5f54024f5
7e82f46539f4769af453f7f5513af660e4f459c9f5511bf6
4730f541cbf57bc9f44d61f54769f573e7f46ec2f4447df5
7f8cf44893f54826f57cd2f45b7cf57f39f44aa2f575f6f4
4c20f54c83f54bc2f55a82f57390f47790f440cff57c5cf4
44b0f57c59f479bbf447e4f57630f45684f54f5af5436ef5
4c7bf5442cf54368f54f82f55714f54f74f55264f57a80f4
4df8f56ef6f445c3f54fb5f558e4f5469ef543c3f550f3f5
4944f5459bf5437cf55150f642b3f575f1f4480df54641f5
4bb2f55b40f44436f57169f455c5f54111f5705af472cff4
4ba2f54b80f548a8f57133f45447f540dcf55f1ff5483cf5
4818f54289f571f5f46b94f44329f54896f54056f54284f5
4ccdf555a3f57aa6f45227f54365f54ca5f544c8f54da1f5
4634f57ec3f443d4f55238f55209f54301f57de8f46942f4
79f2f4468af550def64889f55100f54ab3f5418cf54572f5
4be8f54c12f54804f565b4f455c3f540ddf57ae1f544a7f5
58c6f57c55f47aaef4475cf54902f5405bf5434bf55434f5
461bf546a2f55fb7f55743f57d7ff45824f5504ef57774f4
4641f5507cf5408bf54658f54964f5422ef574e1f47bfcf4
4e5ff55001f544c2f57f27f4457bf54cabf5795df44398f5
57d5f55777f570f2f54b26f54246f54f95f5569af55147f6
77b7f472a0f444bbf57e23f4534df54e86f552e8f57e27f4
4907f549dbf55168f549e9f57f1bf45470f57d97f44badf5
7dc8f446c8f5482ef57c3bf5451ef546dcf579a5f445fdf5
4b7af540f5f575aaf4736ff44981f5526bf54100f6434ff5
6e4af45b3bf550e8f54d48f553b2f547c1f54632f552e1f5
4e02f55642f540d2f57b2cf440fff57d28f47a67f459fbf5
4b0ff57426f47881f4505ff544c7f5446ff55460f549caf5
40f6f54b53f550c6f540b7f548b8f5560ff552dbf5493df5
49dcf54e94f57743f47320f4535ef542daf549eaf54e67f5
63aaf57b53f441e7f56d5af443bdf542f9f56701f54ca6f5
4cdcf5486ef54245f54b8ef54b65f5439cf55068f55f5ff5
4f5ef548f6f547fbf54b0df54f2ef56013f5434df577c6f4
40c4f5761ef47e89f443b1f55137f66adef4448ef5413ef5
4171f54af9f54f5ff5793bf4427bf54df5f540a7f54bf4f5
4630f57451f4775df47583f4567df54aaaf547c1f573b2f4
4928f5549ef54427f543d1f55330f54d1bf55b18f543a8f5
60aaf54287f5428af54496f55490f542c6f57a3bf46ff9f4
5250f54e46f54aaaf54195f54b35f5756ef446ebf54deff5
4391f54c35f55321f5435ff552e7f54e31f5772cf4483af5
4cedf5613df5511df65150f658f2f54672f557b4f55f99f5
77fff44553f553b7f54194f56042f55357f54516f54411f5
4cd8f579b2f450fff5427ef57ac1f44a49f555f2f54738f5
4742f5519cf6448ef552c9f6501cf541a0f54bf5f55918f5
4350f54ef6f559f3f5651bf5541ef546a1f54812f57255f4
743ef45078f64260f55388f54827f55b93f5420df57ddff4
7c3cf449a2f540a8f54df6f54d0df54dabf57892f4417af5
4f30f545e9f5472ff573a4f550d4f57a33f47a71f44eaaf5
7d0df44318f54012f56337f55236f55901f57cf1f446e0f5
4495f5492bf54260f577b8f44712f578e9f44dadf5450ff5
4c5df576dff46169f4497ff55ae5f555c2f57bdff443bcf5
7b72f540aff54453f5534ef54ff4f54b44f54155f55307f5
48a2f56bacf45786f545f6f5482ef546dcf57fa7f44d1af5
44c9f555b6f54899f556fff54056f54dfdf551c6f5701cf5
4fe6f543f1f542adf54ea8f64f02f54448f553eaf540a8f5
